0x04680100
0x37bdc310
0x04110812
0x09130014
0x06150316
0x05170018
0x1019001a
0x0f1b0f1c
0x0f1dcf1e
0xfb1fcf20
0xfb21bc22
0xcf234324
0x03250f26
0x00270028
0x40290f2a
0xfd2b002c
0xa22d272e
0x002f5030
0x00310032
0x00331034
0x6c35ff36
0x00370038
0x803a403c
0xa03d003f
0x00400064
0x086500bf
0x00e800e9
0x00ea00eb
0x00ec0001
0x35bdc310
0x00110012
0x0013a814
0x04150016
0x00170018
0x0019001a
0x001b001c
0x001d001e
0x001f0020
0x00210022
0x00230024
0x00250026
0x00270028
0x0029002a
0x002b002c
0x002d002e
0x002f0130
0x00310032
0x00330034
0x00350036
0x00370038
0x0039003a
0x003b003c
0x003d003e
0x003f0040
0x00410042
0x08460002
0x42bdc310
0x00110012
0x00130014
0x00150016
0x00170018
0x0019001a
0x201b201c
0x001d001e
0x001f0020
0x00210022
0x00230024
0x00250026
0x00270028
0x0029002a
0x202b202c
0x002d002e
0x002f0030
0x00310032
0x00330034
0x00350036
0x00370038
0x0039003a
0x203b203c
0x003d003e
0x003f0a40
0x00410042
0x00430044
0x00450046
0x00470048
0x0049004a
0x204b204c
0x004d004e
0x004f41be
0x00035cbd
0xc3100011
0x00120013
0x00142715
0x60160017
0x00180019
0x021a171b
0x001c301e
0xa01f0420
0x00210022
0x00230024
0x13256026
0x00270028
0x0029022a
0x172b002c
0x302ea02f
0x44300031
0x00320033
0x00341335
0x60360037
0x00380039
0x023a173b
0x003c303e
0xa03f0440
0x00410042
0x00430044
0x34454046
0x00470048
0x0049024a
0x8f4b004c
0x204e444f
0x00500051
0x00520053
0x00540055
0x40560057
0x00580059
0x005a105b
0x005c005e
0x605f0360
0x00610062
0x00630064
0x00654066
0x00670068
0x0069006a
0x106b006c
0x006e606f
0x10be0004
0x5bbdc310
0x00110012
0x00130014
0x00154016
0x00170018
0x0019001a
0x101b001c
0x001e601f
0x03200021
0x00220023
0x00240025
0x40260027
0x00280029
0x002a102b
0x002c002e
0x602f6330
0x00310032
0x00330034
0x2f354036
0x00370038
0x0039023a
0x0f3b003c
0x203e403f
0x04400041
0x00420043
0x00440d45
0x60460047
0x00480049
0x024a174b
0x004c304e
0xa04f0450
0x00510052
0x00530054
0x00554056
0x00570058
0x0059005a
0x105b005c
0x005e605f
0x03600061
0x00620063
0x00640065
0x40660067
0x00680069
0x006a106b
0x006c006e
0x606f0306
0x9ebdc310
0x00110012
0x00130014
0x00150016
0x0017c018
0x0019001a
0x001b001c
0x001d001e
0x001f0020
0x00210022
0x00230024
0x00250026
0x0027c028
0x0029002a
0x002b002c
0x002d002e
0x002f0030
0x00310032
0x00330034
0x00350036
0x0037c038
0x0039003a
0x003b003c
0x003d003e
0x003f0040
0x00410042
0x00430044
0x00450046
0x0047c048
0x0049004a
0x004b004c
0x004d004e
0x004f0070
0x09710072
0x00730074
0x00750076
0x00770078
0x0079007a
0x007b007c
0x607d007e
0x007f0080
0x00810082
0x00830084
0x00850086
0x00870088
0x0089008a
0x008b008c
0x008d008e
0x108f81a0
0x00a100a2
0x00a400a5
0x00a600a7
0xc0a800a9
0x00aa00ab
0x00ac00ad
0x00ae00af
0x00b000b1
0x00be00c0
0x00c100c2
0x00c400c5
0x00c600c7
0xc0c800c9
0x00ca00cb
0x00cc00cd
0x00ce00cf
0x00d200d4
0x00d500d6
0x00d7c0d8
0x00d900da
0x00db00dc
0x00dd00de
0x00df00e0
0x00e100e2
0x00e400e5
0x00e600e7
0xc0e800e9
0x00ea00eb
0x00ec00ed
0x00ee00ef
0x000730bd
0xc3100011
0x00120013
0x00140015
0x00160017
0x00180019
0x001a001b
0x001c001d
0x001e001f
0x00200021
0x00220023
0x00240025
0x00260027
0x33280f29
0x152ad52b
0x552c552d
0x552e082f
0x01300031
0x00320033
0x00340035
0x00360037
0x00380039
0x003a003b
0x003c003d
0x003e000a
0x4abdc30d
0x00100011
0x00120013
0x00140015
0x00163f17
0x02182f19
0x001a001b
0x051c041d
0x241e401f
0x60200021
0x00223223
0x10240025
0x00260227
0x02280029
0x102a002b
0x662c012d
0x182e002f
0x47303631
0x6032aa33
0xaa34aa35
0x2a360037
0x0038fb39
0xff3aff3b
0xff3cf83d
0x153e003f
0x00400041
0x0042e843
0x00440045
0x00460047
0x00480049
0x014a004b
0x004c004d
0xc04e204f
0x00574058
0x0072007f
0x40b100be
0x00c000c1
0x001a4abd
0xc3100011
0x00120013
0x00140015
0x00160017
0x0019001b
0x001f0021
0x00230024
0x00250026
0x00270029
0x002a002b
0x002c002d
0x022e0031
0x00360037
0x003d003e
0x003f0040
0x00410042
0x00430044
0x00450046
0x00470049
0x004a004b
0x004c004d
0x004e004f
0x00500851
0x00520053
0x00540055
0x00560057
0x00580059
0x005a005b
0x005c0f5d
0xff5f0060
0x00610062
0x00630064
0x00650066
0x00670068
0x0069006a
0x006b006c
0xdd72000b
0x4abdc30d
0x00100011
0x00120013
0x00140015
0x00163f17
0x02182f19
0x001a001b
0x051c041d
0x241e401f
0x60200021
0x00223223
0x10240025
0x00260227
0x01280029
0x102a002b
0x662c012d
0x182e002f
0x47304931
0x60321333
0x00340035
0xb4360037
0x0038bf39
0xff3aff3b
0xff3cf83d
0x153e003f
0x00400041
0x00420843
0x00440045
0x00460047
0x00480049
0x014a004b
0x004c004d
0xc04e204f
0x00574058
0x0072007f
0x40b100be
0x00c000c1
0x001b4abd
0xc3100011
0x00120013
0x00140015
0x00160017
0x0019001b
0x001f0021
0x00230024
0x00250026
0x00270029
0x002a002b
0x002c002d
0x022e0031
0x00360037
0x003d003e
0x003f0040
0x00410042
0x00430044
0x00450046
0x00470049
0x004a004b
0x004c004d
0x004e004f
0x00500851
0x00520053
0x00540055
0x00560057
0x00580059
0x005a005b
0x005c0f5d
0xff5f0060
0x00610062
0x00630064
0x00650066
0x00670068
0x0069006a
0x006b006c
0xdd72000c
0x4abdc30d
0x00100011
0x00120013
0x00140015
0x00163f17
0x02182f19
0x001a001b
0x051c041d
0x241e401f
0x60200021
0x00223223
0x10240025
0x00260227
0x06280029
0x102a002b
0x662c012d
0x182e002f
0x47303531
0x6032db33
0xae344735
0xc7360037
0x00387f39
0xfc3aff3b
0xff3cf83d
0x153e003f
0x00400041
0x00420843
0x00440045
0x00460047
0x00480049
0x014a004b
0x004c004d
0xc04e204f
0x00574058
0x0072007f
0x40b100be
0x00c000c1
0x001c4abd
0xc3100011
0x00120013
0x00140015
0x00160017
0x0019001b
0x001f0021
0x00230024
0x00250026
0x00270029
0x002a002b
0x002c002d
0x022e0031
0x00360037
0x003d003e
0x003f0040
0x00410042
0x00430044
0x00450046
0x00470049
0x004a004b
0x004c004d
0x004e004f
0x00500851
0x00520053
0x00540055
0x00560057
0x00580059
0x005a005b
0x005c0f5d
0xff5f0060
0x00610062
0x00630064
0x00650066
0x00670068
0x0069006a
0x006b006c
0xdd72000d
0x4abdc30d
0x00100011
0x00120013
0x00140015
0x00163f17
0x02182f19
0x001a001b
0x051c041d
0x241e401f
0x68200021
0x00223223
0x10240025
0x00260227
0x09280029
0x102a002b
0x662c012d
0x182e002f
0x47305131
0x6032ff33
0xff34ff35
0x3f360037
0x0038fb39
0xff3aff3b
0xff3cf83d
0x153e003f
0x00400041
0x0042a843
0x00440045
0x00460047
0x00480049
0x014a004b
0x004c004d
0xc04e204f
0x00574058
0x0072007f
0x40b100be
0x00c000c1
0x001d4abd
0xc3100011
0x00120013
0x00140015
0x00160017
0x0019001b
0x001f0021
0x00230024
0x00250026
0x00270029
0x002a002b
0x002c002d
0x022e0031
0x00360037
0x003d003e
0x003f0040
0x00410042
0x00430044
0x00450046
0x00470049
0x004a004b
0x004c004d
0x004e004f
0x00500851
0x00520053
0x00540055
0x00560057
0x00580059
0x005a005b
0x005c0f5d
0xff5f0060
0x00610062
0x00630064
0x00650066
0x00670068
0x0069006a
0x006b006c
0xdd7200fd
0x61cd8d1b
0xdd7200fd
0x10fb6962
0xffffffff
0xffffffff
0xffffffff
0xffffffff
0xffffffff
0xffffffff
0xffffffff
0xffffffff
0xffffffff
0xffffffff
0xffffffff
0xffffffff
0xffffffff
0xffffffff
0xffffffff
0xffffffff
0xffffffff
0xffffffff
0xffffffff
0xffffffff
0xffffffff
0xffffffff
0xffffffff
0xffffffff
0xffffffff
0xffffffff
0xffffffff
0xffffffff
0xffffffff
0xffffffff
0xffffffff
0xffffffff
0xffffffff
0xffffffff
0xffffffff
0xffffffff
0xffffffff
0xffffffff
0xffffffff
0xffffffff
0xffffffff
0xffffffff
0xffffffff
0xffffffff
0xffffffff
0xffffffff
0xffffffff
0xffffffff
0xffffffff
0xffffffff
0xffffffff
0xffffffff
0xffffffff
0xffffffff
0xffffffff
0xffffffff
0xffffffff
0xffffffff
0xffffffff
0xffffffff
0xffffffff
0xffffffff
0xffffffff
0xffffffff
0xffffffff
0xffffffff
0xffffffff
0xffffffff
0xffffffff
0xffffffff
0xffffffff
0xffffffff
0xffffffff
0xffffffff
0xffffffff
0xffffffff
0xffffffff
0xffffffff
0xffffffff
0xffffffff
0xffffffff
0xffffffff
0xffffffff
0xffffffff
0xffffffff
0xffffffff
0xffffffff
0xffffffff
0xffffffff
0xffffffff
0xffffffff
0xffffffff
0xffffffff
0xffffffff
0xffffffff
0xffffffff
0xffffffff
0xffffffff
0xffffffff
0xffffffff
0xffffffff
0xffffffff
0xffffffff
0xffffffff
0xffffffff
0xffffffff
0xffffffff
0xffffffff
0xffffffff
0xffffffff
0xffffffff
0xffffffff
0xffffffff
0xffffffff
0xffffffff
0xffffffff
0xffffffff
0xffffffff
0xffffffff
0xffffffff
0xffffffff
0xffffffff
0xffffffff
0xffffffff
0xffffffff
0xffffffff
0xffffffff
0xffffffff
0xffffffff
0xffffffff
0xffffffff
0xffffffff
0xffffffff
0xffffffff
0xffffffff
0xffffffff
0xffffffff
0xffffffff
0xffffffff
0xffffffff
0xffffffff
0xffffffff
0xffffffff
0xffffffff
0xffffffff
0xffffffff
0xffffffff
0xffffffff
0xffffffff
0xffffffff
0xffffffff
0xffffffff
0xffffffff
0xffffffff
0xffffffff
0xffffffff
0xffffffff
0xffffffff
0xffffffff
0xffffffff
0xffffffff
0xffffffff
0xffffffff
0xffffffff
0xffffffff
0xffffffff
0xffffffff
0xffffffff
0xffffffff
0xffffffff
0xffffffff
0xffffffff
0xffffffff
0xffffffff
0xffffffff
0xffffffff
0xffffffff
0xffffffff
0xffffffff
0xffffffff
0xffffffff
0xffffffff
0xffffffff
0xffffffff
0xffffffff
0xffffffff
0xffffffff
0xffffffff
0xffffffff
0xffffffff
0xffffffff
0xffffffff
0xffffffff
0xffffffff
0xffffffff
0xffffffff
0xffffffff
0xffffffff
0xffffffff
0xffffffff
0xffffffff
0xffffffff
0xffffffff
0xffffffff
0xffffffff
0xffffffff
0xffffffff
0xffffffff
0xffffffff
0xffffffff
0xffffffff
0xffffffff
0xffffffff
0xffffffff
0xffffffff
0xffffffff
0xffffffff
0xffffffff
0xffffffff
0xffffffff
0xffffffff
0xffffffff
0xffffffff
0xffffffff
0xffffffff
0xffffffff
0xffffffff
0xffffffff
0xffffffff
0xffffffff
0xffffffff
0xffffffff
0xffffffff
0xffffffff
0xffffffff
0xffffffff
0xffffffff
0xffffffff
0xffffffff
0xffffffff
0xffffffff
0xffffffff
0xffffffff
0xffffffff
0xffffffff
0xffffffff
0xffffffff
0xffffffff
0xffffffff
0xffffffff
0xffffffff
0xffffffff
0xffffffff
0xffffffff
0xffffffff
0xffffffff
0xffffffff
0xffffffff
0xffffffff
0xffffffff
0xffffffff
0xffffffff
0xffffffff
0xffffffff
0xffffffff
0xffffffff
0xffffffff
0xffffffff
0xffffffff
0xffffffff
0xffffffff
0xffffffff
0xffffffff
0xffffffff
0xffffffff
0xffffffff
0xffffffff
0xffffffff
0xffffffff
0xffffffff
0xffffffff
0xffffffff
0xffffffff
0xffffffff
0xffffffff
0xffffffff
0xffffffff
0xffffffff
0xffffffff
0xffffffff
0xffffffff
0xffffffff
0xffffffff
0xffffffff
0xffffffff
0xffffffff
0xffffffff
0xffffffff
0xffffffff
0xffffffff
0xffffffff
0xffffffff
0xffffffff
0xffffffff
0xffffffff
0xffffffff
0xffffffff
0xffffffff
0xffffffff
0xffffffff
0xffffffff
0xffffffff
0xffffffff
0xffffffff
0xffffffff
0xffffffff
0xffffffff
0xffffffff
0xffffffff
0xffffffff
0xffffffff
0xffffffff
0xffffffff
0xffffffff
0xffffffff
0xffffffff
0xffffffff
0xffffffff
0xffffffff
0xffffffff
0xffffffff
0xffffffff
0xffffffff
0xffffffff
0xffffffff
0xffffffff
0xffffffff
0xffffffff
0xffffffff
0xffffffff
0xffffffff
0xffffffff
0xffffffff
0xffffffff
0xffffffff
0xffffffff
0xffffffff
0xffffffff
0xffffffff
0xffffffff
0xffffffff
0xffffffff
0xffffffff
0xffffffff
0xffffffff
0xffffffff
0xffffffff
0xffffffff
0xffffffff
0xffffffff
0xffffffff
0xffffffff
0xffffffff
0xffffffff
0xffffffff
0xffffffff
0xffffffff
0xffffffff
0xffffffff
0xffffffff
0xffffffff
0xffffffff
0xffffffff
0xffffffff
0xffffffff
0xffffffff
0xffffffff
0xffffffff
0xffffffff
0xffffffff
0xffffffff
0xffffffff
0xffffffff
0xffffffff
0xffffffff
0xffffffff
0xffffffff
0xffffffff
0xffffffff
0xffffffff
0xffffffff
0xffffffff
0xffffffff
0xffffffff
0xffffffff
0xffffffff
0xffffffff
0xffffffff
0xffffffff
0xffffffff
0xffffffff
0xffffffff
0xffffffff
0xffffffff
0xffffffff
0xffffffff
0xffffffff
0xffffffff
0xffffffff
0xffffffff
0xffffffff
0xffffffff
0xffffffff
0xffffffff
0xffffffff
0xffffffff
0xffffffff
0xffffffff
0xffffffff
0xffffffff
0xffffffff
0xffffffff
0xffffffff
0xffffffff
0xffffffff
0xffffffff
0xffffffff
0xffffffff
0xffffffff
0xffffffff
0xffffffff
0xffffffff
0xffffffff
0xffffffff
0xffffffff
0xffffffff
0xffffffff
0xffffffff
0xffffffff
0xffffffff
0xffffffff
0xffffffff
0xffffffff
0xffffffff
0xffffffff
0xffffffff
0xffffffff
0xffffffff
0xffffffff
0xffffffff
0xffffffff
0xffffffff
0xffffffff
0xffffffff
0xffffffff
0xffffffff
0xffffffff
0xffffffff
0xffffffff
0xffffffff
0xffffffff
0xffffffff
0xffffffff
0xffffffff
0xffffffff
0xffffffff
0xffffffff
0xffffffff
0xffffffff
0xffffffff
0xffffffff
0xffffffff
0xffffffff
0xffffffff
0xffffffff
0xffffffff
0xffffffff
0xffffffff
0xffffffff
0xffffffff
0xffffffff
0xffffffff
0xffffffff
0xffffffff
0xffffffff
0xffffffff
0xffffffff
0xffffffff
0xffffffff
0xffffffff
0xffffffff
0xffffffff
0xffffffff
0xffffffff
0xffffffff
0xffffffff
0xffffffff
0xffffffff
0xffffffff
0xffffffff
0xffffffff
0xffffffff
0xffffffff
0xffffffff
0xffffffff
0xffffffff
0xffffffff
0xffffffff
0xffffffff
0xffffffff
0xffffffff
0xffffffff
0xffffffff
0xffffffff
0xffffffff
0xffffffff
0xffffffff
0xffffffff
0xffffffff
0xffffffff
0xffffffff
0xffffffff
0xffffffff
0xffffffff
0xffffffff
0xffffffff
0xffffffff
0xffffffff
0xffffffff
0xffffffff
0xffffffff
0xffffffff
0xffffffff
0xffffffff
0xffffffff
0xffffffff
0xffffffff
0xffffffff
0xffffffff
0xffffffff
0xffffffff
0xffffffff
0xffffffff
0xffffffff
0xffffffff
0xffffffff
0xffffffff
0xffffffff
0xffffffff
0xffffffff
0xffffffff
0xffffffff
0xffffffff
0xffffffff
0xffffffff
0xffffffff
0xffffffff
0xffffffff
0xffffffff
0xffffffff
0xffffffff
0xffffffff
0xffffffff
0xffffffff
0xffffffff
0xffffffff
0xffffffff
0xffffffff
0xffffffff
0xffffffff
0xffffffff
0xffffffff
0xffffffff
0xffffffff
0xffffffff
0xffffffff
0xffffffff
0xffffffff
0xffffffff
0xffffffff
0xffffffff
0xffffffff
0xffffffff
0xffffffff
0xffffffff
0xffffffff
0xffffffff
0xffffffff
0xffffffff
0xffffffff
0xffffffff
0xffffffff
0xffffffff
0xffffffff
0xffffffff
0xffffffff
0xffffffff
0xffffffff
0xffffffff
0xffffffff
0xffffffff
0xffffffff
0xffffffff
0xffffffff
0xffffffff
0xffffffff
0xffffffff
0xffffffff
0xffffffff
0xffffffff
0xffffffff
0xffffffff
0xffffffff
0xffffffff
0xffffffff
0xffffffff
0xffffffff
0xffffffff
0xffffffff
0xffffffff
0xffffffff
0xffffffff
0xffffffff
0xffffffff
0xffffffff
0xffffffff
0xffffffff
0xffffffff
0xffffffff
0xffffffff
0xffffffff
0xffffffff
0xffffffff
0xffffffff
0xffffffff
0xffffffff
0xffffffff
0xffffffff
0xffffffff
0xffffffff
0xffffffff
0xffffffff
0xffffffff
0xffffffff
0xffffffff
0xffffffff
0xffffffff
0xffffffff
0xffffffff
0xffffffff
0xffffffff
0xffffffff
0xffffffff
0xffffffff
0xffffffff
0xffffffff
0xffffffff
0xffffffff
0xffffffff
0xffffffff
0xffffffff
0xffffffff
0xffffffff
0xffffffff
0xffffffff
0xffffffff
0xffffffff
0xffffffff
0xffffffff
0xffffffff
0xffffffff
0xffffffff
0xffffffff
0xffffffff
0xffffffff
0xffffffff
0xffffffff
0xffffffff
0xffffffff
0xffffffff
0xffffffff
0xffffffff
0xffffffff
0xffffffff
0xffffffff
0xffffffff
0xffffffff
0xffffffff
0xffffffff
0xffffffff
0xffffffff
0xffffffff
0xffffffff
0xffffffff
0xffffffff
0xffffffff
0xffffffff
0xffffffff
0xffffffff
0xffffffff
0xffffffff
0xffffffff
0xffffffff
0xffffffff
0xffffffff
0xffffffff
0xffffffff
0xffffffff
0xffffffff
0xffffffff
0xffffffff
0xffffffff
0xffffffff
0xffffffff
0xffffffff
0xffffffff
0xffffffff
0xffffffff
0xffffffff
0xffffffff
0xffffffff
0xffffffff
0xffffffff
0xffffffff
0xffffffff
0xffffffff
0xffffffff
0xffffffff
0xffffffff
0xffffffff
0xffffffff
0xffffffff
0xffffffff
0xffffffff
0xffffffff
0xffffffff
0xffffffff
0xffffffff
0xffffffff
0xffffffff
0xffffffff
0xffffffff
0xffffffff
0xffffffff
0xffffffff
0xffffffff
0xffffffff
0xffffffff
0xffffffff
0xffffffff
0xffffffff
0xffffffff
0xffffffff
0xffffffff
0xffffffff
0xffffffff
0xffffffff
0xffffffff
0xffffffff
0xffffffff
0xffffffff
0xffffffff
0xffffffff
0xffffffff
0xffffffff
0xffffffff
0xffffffff
0xffffffff
0xffffffff
0xffffffff
0xffffffff
0xffffffff
0xffffffff
0xffffffff
0xffffffff
0xffffffff
0xffffffff
0xffffffff
0xffffffff
0xffffffff
0xffffffff
0xffffffff
0xffffffff
0xffffffff
0xffffffff
0xffffffff
0xffffffff
0xffffffff
0xffffffff
0xffffffff
0xffffffff
0xffffffff
0xffffffff
0xffffffff
0xffffffff
0xffffffff
0xffffffff
0xffffffff
0xffffffff
0xffffffff
0xffffffff
0xffffffff
0xffffffff
0xffffffff
0xffffffff
0xffffffff
0xffffffff
0xffffffff
0xffffffff
0xffffffff
0xffffffff
0xffffffff
0xffffffff
0xffffffff
0xffffffff
0xffffffff
0xffffffff
0xffffffff
0xffffffff
0xffffffff
0xffffffff
0xffffffff
0xffffffff
0xffffffff
0xffffffff
0xffffffff
0xffffffff
0xffffffff
0xffffffff
0xffffffff
0xffffffff
0xffffffff
0xffffffff
0xffffffff
0xffffffff
0xffffffff
0xffffffff
0xffffffff
0xffffffff
0xffffffff
0xffffffff
0xffffffff
0xffffffff
0xffffffff
0xffffffff
0xffffffff
0xffffffff
0xffffffff
0xffffffff
0xffffffff
0xffffffff
0xffffffff
0xffffffff
0xffffffff
0xffffffff
0xffffffff
0xffffffff
0xffffffff
0xffffffff
0xffffffff
0xffffffff
0xffffffff
0xffffffff
0xffffffff
0xffffffff
0xffffffff
0xffffffff
0xffffffff
0xffffffff
0xffffffff
0xffffffff
0xffffffff
0xffffffff
0xffffffff
0xffffffff
0xffffffff
0xffffffff
0xffffffff
0xffffffff
0xffffffff
0xffffffff
0xffffffff
0xffffffff
0xffffffff
0xffffffff
0xffffffff
0xffffffff
0xffffffff
0xffffffff
0xffffffff
0xffffffff
0xffffffff
0xffffffff
0xffffffff
0xffffffff
0xffffffff
0xffffffff
0xffffffff
0xffffffff
0xffffffff
0xffffffff
0xffffffff
0xffffffff
0xffffffff
0xffffffff
0xffffffff
0xffffffff
0xffffffff
0xffffffff
0xffffffff
0xffffffff
0xffffffff
0xffffffff
0xffffffff
0xffffffff
0xffffffff
0xffffffff
0xffffffff
0xffffffff
0xffffffff
0xffffffff
0xffffffff
0xffffffff
0xffffffff
0xffffffff
0xffffffff
0xffffffff
0xffffffff
0xffffffff
0xffffffff
0xffffffff
0xffffffff
0xffffffff
0xffffffff
0xffffffff
0xffffffff
0xffffffff
0xffffffff
0xffffffff
0xffffffff
0xffffffff
0xffffffff
0xffffffff
0xffffffff
0xffffffff
0xffffffff
0xffffffff
0xffffffff
0xffffffff
0xffffffff
0xffffffff
0xffffffff
0xffffffff
0xffffffff
0xffffffff
0xffffffff
0xffffffff
0xffffffff
0xffffffff
0xffffffff
0xffffffff
0xffffffff
0xffffffff
0xffffffff
0xffffffff
0xffffffff
0xffffffff
0xffffffff
0xffffffff
0xffffffff
0xffffffff
0xffffffff
0xffffffff
0xffffffff
0xffffffff
0xffffffff
0xffffffff
0xffffffff
0xffffffff
0xffffffff
0xffffffff
0xffffffff
0xffffffff
0xffffffff
0xffffffff
0xffffffff
0xffffffff
0xffffffff
0xffffffff
0xffffffff
0xffffffff
0xffffffff
0xffffffff
0xffffffff
0xffffffff
0xffffffff
0xffffffff
0xffffffff
0xffffffff
0xffffffff
0xffffffff
0xffffffff
0xffffffff
0xffffffff
0xffffffff
0xffffffff
0xffffffff
0xffffffff
0xffffffff
0xffffffff
0xffffffff
0xffffffff
0xffffffff
0xffffffff
0xffffffff
0xffffffff
0xffffffff
0xffffffff
0xffffffff
0xffffffff
0xffffffff
0xffffffff
0xffffffff
0xffffffff
0xffffffff
0xffffffff
0xffffffff
0xffffffff
0xffffffff
0xffffffff
0xffffffff
0xffffffff
0xffffffff
0xffffffff
0xffffffff
0xffffffff
0xffffffff
0xffffffff
0xffffffff
0xffffffff
0xffffffff
0xffffffff
0xffffffff
0xffffffff
0xffffffff
0xffffffff
0xffffffff
0xffffffff
0xffffffff
0xffffffff
0xffffffff
0xffffffff
0xffffffff
0xffffffff
0xffffffff
0xffffffff
0xffffffff
0xffffffff
0xffffffff
0xffffffff
0xffffffff
0xffffffff
0xffffffff
0xffffffff
0xffffffff
0xffffffff
0xffffffff
0xffffffff
0xffffffff
0xffffffff
0xffffffff
0xffffffff
0xffffffff
0xffffffff
0xffffffff
0xffffffff
0xffffffff
0xffffffff
0xffffffff
0xffffffff
0xffffffff
0xffffffff
0xffffffff
0xffffffff
0xffffffff
0xffffffff
0xffffffff
0xffffffff
0xffffffff
0xffffffff
0xffffffff
0xffffffff
0xffffffff
0xffffffff
0xffffffff
0xffffffff
0xffffffff
0xffffffff
0xffffffff
0xffffffff
0xffffffff
0xffffffff
0xffffffff
0xffffffff
0xffffffff
0xffffffff
0xffffffff
0xffffffff
0xffffffff
0xffffffff
0xffffffff
0xffffffff
0xffffffff
0xffffffff
0xffffffff
0xffffffff
0xffffffff
0xffffffff
0xffffffff
0xffffffff
0xffffffff
0xffffffff
0xffffffff
0xffffffff
0xffffffff
0xffffffff
0xffffffff
0xffffffff
0xffffffff
0xffffffff
0xffffffff
0xffffffff
0xffffffff
0xffffffff
0xffffffff
0xffffffff
0xffffffff
0xffffffff
0xffffffff
0xffffffff
0xffffffff
0xffffffff
0xffffffff
0xffffffff
0xffffffff
0xffffffff
0xffffffff
0xffffffff
0xffffffff
0xffffffff
0xffffffff
0xffffffff
0xffffffff
0xffffffff
0xffffffff
0xffffffff
0xffffffff
0xffffffff
0xffffffff
0xffffffff
0xffffffff
0xffffffff
0xffffffff
0xffffffff
0xffffffff
0xffffffff
0xffffffff
0xffffffff
0xffffffff
0xffffffff
0xffffffff
0xffffffff
0xffffffff
0xffffffff
0xffffffff
0xffffffff
0xffffffff
0xffffffff
0xffffffff
0xffffffff
0xffffffff
0xffffffff
0xffffffff
0xffffffff
0xffffffff
0xffffffff
0xffffffff
0xffffffff
0xffffffff
0xffffffff
0xffffffff
0xffffffff
0xffffffff
0xffffffff
0xffffffff
0xffffffff
0xffffffff
0xffffffff
0xffffffff
0xffffffff
0xffffffff
0xffffffff
0xffffffff
0xffffffff
0xffffffff
0xffffffff
0xffffffff
0xffffffff
0xffffffff
0xffffffff
0xffffffff
0xffffffff
0xffffffff
0xffffffff
0xffffffff
0xffffffff
0xffffffff
0xffffffff
0xffffffff
0xffffffff
0xffffffff
0xffffffff
0xffffffff
0xffffffff
0xffffffff
0xffffffff
0xffffffff
0xffffffff
0xffffffff
0xffffffff
0xffffffff
0xffffffff
0xffffffff
0xffffffff
0xffffffff
0xffffffff
0xffffffff
0xffffffff
0xffffffff
0xffffffff
0xffffffff
0xffffffff
0xffffffff
0xffffffff
0xffffffff
0xffffffff
0xffffffff
0xffffffff
0xffffffff
0xffffffff
0xffffffff
0xffffffff
0xffffffff
0xffffffff
0xffffffff
0xffffffff
0xffffffff
0xffffffff
0xffffffff
0xffffffff
0xffffffff
0xffffffff
0xffffffff
0xffffffff
0xffffffff
0xffffffff
0xffffffff
0xffffffff
0xffffffff
0xffffffff
0xffffffff
0xffffffff
0xffffffff
0xffffffff
0xffffffff
0xffffffff
0xffffffff
0xffffffff
0xffffffff
0xffffffff
0xffffffff
0xffffffff
0xffffffff
0xffffffff
0xffffffff
0xffffffff
0xffffffff
0xffffffff
0xffffffff
0xffffffff
0xffffffff
0xffffffff
0xffffffff
0xffffffff
0xffffffff
0xffffffff
0xffffffff
0xffffffff
0xffffffff
0xffffffff
0xffffffff
0xffffffff
0xffffffff
0xffffffff
0xffffffff
0xffffffff
0xffffffff
0xffffffff
0xffffffff
0xffffffff
0xffffffff
0xffffffff
0xffffffff
0xffffffff
0xffffffff
0xffffffff
0xffffffff
0xffffffff
0xffffffff
0xffffffff
0xffffffff
0xffffffff
0xffffffff
0xffffffff
0xffffffff
0xffffffff
0xffffffff
0xffffffff
0xffffffff
0xffffffff
0xffffffff
0xffffffff
0xffffffff
0xffffffff
0xffffffff
0xffffffff
0xffffffff
0xffffffff
0xffffffff
0xffffffff
0xffffffff
0xffffffff
0xffffffff
0xffffffff
0xffffffff
0xffffffff
0xffffffff
0xffffffff
0xffffffff
0xffffffff
0xffffffff
0xffffffff
0xffffffff
0xffffffff
0xffffffff
0xffffffff
0xffffffff
0xffffffff
0xffffffff
0xffffffff
0xffffffff
0xffffffff
0xffffffff
0xffffffff
0xffffffff
0xffffffff
0xffffffff
0xffffffff
0xffffffff
0xffffffff
0xffffffff
0xffffffff
0xffffffff
0xffffffff
0xffffffff
0xffffffff
0xffffffff
0xffffffff
0xffffffff
0xffffffff
0xffffffff
0xffffffff
0xffffffff
0xffffffff
0xffffffff
0xffffffff
0xffffffff
0xffffffff
0xffffffff
0xffffffff
0xffffffff
0xffffffff
0xffffffff
0xffffffff
0xffffffff
0xffffffff
0xffffffff
0xffffffff
0xffffffff
0xffffffff
0xffffffff
0xffffffff
0xffffffff
0xffffffff
0xffffffff
0xffffffff
0xffffffff
0xffffffff
0xffffffff
0xffffffff
0xffffffff
0xffffffff
0xffffffff
0xffffffff
0xffffffff
0xffffffff
0xffffffff
0xffffffff
0xffffffff
0xffffffff
0xffffffff
0xffffffff
0xffffffff
0xffffffff
0xffffffff
0xffffffff
0xffffffff
0xffffffff
0xffffffff
0xffffffff
0xffffffff
0xffffffff
0xffffffff
0xffffffff
0xffffffff
0xffffffff
0xffffffff
0xffffffff
0xffffffff
0xffffffff
0xffffffff
0xffffffff
0xffffffff
0xffffffff
0xffffffff
0xffffffff
0xffffffff
0xffffffff
0xffffffff
0xffffffff
0xffffffff
0xffffffff
0xffffffff
0xffffffff
0xffffffff
0xffffffff
0xffffffff
0xffffffff
0xffffffff
0x6901003a
0xbdc30f00
0x10041108
0x12091300
0x14061503
0x16051700
0x18101900
0x1a0f1b0f
0x1c0f1dcf
0x1efb1fcf
0x20fb21bc
0x22cf2343
0x2403250f
0x26002700
0x2840290f
0x2afd2b00
0x2ca22d27
0x2e002f50
0x30003100
0x32003310
0x346c35ff
0x36003700
0x38803a40
0x3c203d00
0x3f004000
0x4cff5700
0x64086500
0xbf00e800
0xe900ea00
0xeb00ec00
0x013dbdc3
0x10001100
0x120013a8
0x14041500
0x16001700
0x18001900
0x1a001b00
0x1c001d00
0x1e001f00
0x20002100
0x22002300
0x24002500
0x26002700
0x28002900
0x2a002b00
0x2c002d00
0x2e002f01
0x30003100
0x32003300
0x34003500
0x36003700
0x38003900
0x3a003b00
0x3c003d00
0x3e003f00
0x40004100
0x42084361
0x44004500
0x46004b00
0x4c004d00
0x4e004f00
0x0241bdc3
0x10001100
0x12001300
0x14001500
0x16001700
0x18001900
0x1a201b20
0x1c001d00
0x1e001f00
0x20002100
0x22002300
0x24002500
0x26002700
0x28002900
0x2a202b20
0x2c002d00
0x2e002f00
0x30003100
0x32003300
0x34003500
0x36003700
0x38003900
0x3a203b20
0x3c003d00
0x3e003f0a
0x40004100
0x42004300
0x44004500
0x46004700
0x48004900
0x4a204b20
0x4c004d00
0x4e004f41
0x035bbdc3
0x10001100
0x12001300
0x14271560
0x16001700
0x18001902
0x1a171b00
0x1c301ea0
0x1f042000
0x21002200
0x23002413
0x25602600
0x27002800
0x29022a17
0x2b002c30
0x2ea02f44
0x30003100
0x32003300
0x34133560
0x36003700
0x38003902
0x3a173b00
0x3c303ea0
0x3f044000
0x41004200
0x43004434
0x45404600
0x47004800
0x49024a8f
0x4b004c20
0x4e444f00
0x50005100
0x52005300
0x54005540
0x56005700
0x58005900
0x5a105b00
0x5c005e60
0x5f036000
0x61006200
0x63006400
0x65406600
0x67006800
0x69006a10
0x6b006c00
0x6e606f10
0x045bbdc3
0x10001100
0x12001300
0x14001540
0x16001700
0x18001900
0x1a101b00
0x1c001e60
0x1f032000
0x21002200
0x23002400
0x25402600
0x27002800
0x29002a10
0x2b002c00
0x2e602f63
0x30003100
0x32003300
0x342c3540
0x36003700
0x38003902
0x3a0f3b00
0x3c203e40
0x3f044000
0x41004200
0x4300440d
0x45604600
0x47004800
0x49024a17
0x4b004c30
0x4ea04f04
0x50005100
0x52005300
0x54005540
0x56005700
0x58005900
0x5a105b00
0x5c005e60
0x5f036000
0x61006200
0x63006400
0x65406600
0x67006800
0x69006a10
0x6b006c00
0x6e606f03
0x069dbdc3
0x10001100
0x12001300
0x14001500
0x160017c0
0x18001900
0x1a001b00
0x1c001d00
0x1e001f00
0x20002100
0x22002300
0x24002500
0x260027c0
0x28002900
0x2a002b00
0x2c002d00
0x2e002f00
0x30003100
0x32003300
0x34003500
0x360037c0
0x38003900
0x3a003b00
0x3c003d00
0x3e003f00
0x40004100
0x42004300
0x44004500
0x460047c0
0x48004900
0x4a004b00
0x4c004d00
0x4e004f00
0x70097100
0x72007300
0x74007500
0x76007700
0x78007900
0x7a007b00
0x7c607d00
0x7e007f00
0x80008100
0x82008300
0x84008500
0x86008700
0x88008900
0x8a008b00
0x8c008d00
0x8e108f81
0xa000a100
0xa200a400
0xa500a600
0xa7c0a800
0xa900aa00
0xab00ac00
0xad00ae00
0xaf00b000
0xb100c000
0xc100c200
0xc400c500
0xc600c7c0
0xc800c900
0xca00cb00
0xcc00cd00
0xce00cf00
0xd200d400
0xd500d600
0xd7c0d800
0xd900da00
0xdb00dc00
0xdd00de00
0xdf00e000
0xe100e200
0xe400e500
0xe600e7c0
0xe800e900
0xea00eb00
0xec00ed00
0xee00ef00
0x0730bdc3
0x10001100
0x12001300
0x14001500
0x16001700
0x18001900
0x1a001b00
0x1c001d00
0x1e001f00
0x20002100
0x22002300
0x24002500
0x26002733
0x280f2915
0x2ad52b55
0x2c552d55
0x2e082f01
0x30003100
0x32003300
0x34003500
0x36003700
0x38003900
0x3a003b00
0x3c003d00
0x3e000a49
0xbdc30d00
0x10001100
0x12001300
0x14001500
0x163f1702
0x182f1900
0x1a001b05
0x1c031d24
0x1e401f60
0x20002100
0x22322310
0x24002500
0x26022702
0x28002910
0x2a002b66
0x2c412d18
0x2e002f47
0x30363160
0x32aa33aa
0x34aa352a
0x36003700
0x38fb39ff
0x3aff3bff
0x3cf83d15
0x3e003f00
0x40004100
0x42e84300
0x44004500
0x46004700
0x48004901
0x4a004b00
0x4c004dc0
0x4e204f00
0x57405800
0x72007f40
0xb100c000
0xc1001a4a
0xbdc31000
0x11001200
0x13001400
0x15001600
0x17001900
0x1b001f00
0x21002300
0x24002500
0x26002700
0x29002a00
0x2b002c00
0x2d022e00
0x31003600
0x37003d00
0x3e003f00
0x40004100
0x42004300
0x44004500
0x46004700
0x49004a00
0x4b004c00
0x4d004e00
0x4f005008
0x51005200
0x53005400
0x55005600
0x57005800
0x59005a00
0x5b005c0f
0x5dff5f00
0x60006100
0x62006300
0x64006500
0x66006700
0x68006900
0x6a006b00
0x6cdd7200
0x0b49bdc3
0x0d001000
0x11001200
0x13001400
0x1500163f
0x1702182f
0x19001a00
0x1b051c03
0x1d241e40
0x1f602000
0x21002232
0x23102400
0x25002602
0x27012800
0x29102a00
0x2b662c41
0x2d182e00
0x2f473048
0x3160326e
0x33553455
0x359d3600
0x370038bf
0x39ff3aff
0x3bff3cf8
0x3d153e00
0x3f004000
0x41004208
0x43004400
0x45004600
0x47004800
0x49014a00
0x4b004c00
0x4dc04e20
0x4f005740
0x58007200
0x7f40b100
0xc000c100
0x1b4abdc3
0x10001100
0x12001300
0x14001500
0x16001700
0x19001b00
0x1f002100
0x23002400
0x25002600
0x27002900
0x2a002b00
0x2c002d02
0x2e003100
0x36003700
0x3d003e00
0x3f004000
0x41004200
0x43004400
0x45004600
0x47004900
0x4a004b00
0x4c004d00
0x4e004f00
0x50085100
0x52005300
0x54005500
0x56005700
0x58005900
0x5a005b00
0x5c0f5dff
0x5f006000
0x61006200
0x63006400
0x65006600
0x67006800
0x69006a00
0x6b006cdd
0x72000c49
0xbdc30d00
0x10001100
0x12001300
0x14001500
0x163f1702
0x182f1900
0x1a001b05
0x1c031d24
0x1e401f60
0x20002100
0x22322310
0x24002500
0x26022706
0x28002910
0x2a002b66
0x2c412d18
0x2e002f47
0x30353160
0x32db33ae
0x344735c7
0x36003700
0x387f39fc
0x3aff3bff
0x3cf83d15
0x3e003f00
0x40004100
0x42084300
0x44004500
0x46004700
0x48004901
0x4a004b00
0x4c004dc0
0x4e204f00
0x57405800
0x72007f40
0xb100c000
0xc1001c4a
0xbdc31000
0x11001200
0x13001400
0x15001600
0x17001900
0x1b001f00
0x21002300
0x24002500
0x26002700
0x29002a00
0x2b002c00
0x2d022e00
0x31003600
0x37003d00
0x3e003f00
0x40004100
0x42004300
0x44004500
0x46004700
0x49004a00
0x4b004c00
0x4d004e00
0x4f005008
0x51005200
0x53005400
0x55005600
0x57005800
0x59005a00
0x5b005c0f
0x5dff5f00
0x60006100
0x62006300
0x64006500
0x66006700
0x68006900
0x6a006b00
0x6cdd7200
0x0d49bdc3
0x0d001000
0x11001200
0x13001400
0x1500163f
0x1702182f
0x19001a00
0x1b051c03
0x1d241e40
0x1f682000
0x21002232
0x23102400
0x25002602
0x27092800
0x29102a00
0x2b662c41
0x2d182e00
0x2f473051
0x316032ff
0x33ff34ff
0x353f3600
0x370038fb
0x39ff3aff
0x3bff3cf8
0x3d153e00
0x3f004000
0x410042a8
0x43004400
0x45004600
0x47004800
0x49014a00
0x4b004c00
0x4dc04e20
0x4f005740
0x58007200
0x7f40b100
0xc000c100
0x1d4abdc3
0x10001100
0x12001300
0x14001500
0x16001700
0x19001b00
0x1f002100
0x23002400
0x25002600
0x27002900
0x2a002b00
0x2c002d02
0x2e003100
0x36003700
0x3d003e00
0x3f004000
0x41004200
0x43004400
0x45004600
0x47004900
0x4a004b00
0x4c004d00
0x4e004f00
0x50085100
0x52005300
0x54005500
0x56005700
0x58005900
0x5a005b00
0x5c0f5dff
0x5f006000
0x61006200
0x63006400
0x65006600
0x67006800
0x69006a00
0x6b006cdd
0x7200fd30
0x442692ff
0xffffffff
0xffffffff
0xffffffff
0xffffffff
0xffffffff
0xffffffff
0xffffffff
0xffffffff
0xffffffff
0xffffffff
0xffffffff
0xffffffff
0xffffffff
0xffffffff
0xffffffff
0xffffffff
0xffffffff
0xffffffff
0xffffffff
0xffffffff
0xffffffff
0xffffffff
0xffffffff
0xffffffff
0xffffffff
0xffffffff
0xffffffff
0xffffffff
0xffffffff
0xffffffff
0xffffffff
0xffffffff
0xffffffff
0xffffffff
0xffffffff
0xffffffff
0xffffffff
0xffffffff
0xffffffff
0xffffffff
0xffffffff
0xffffffff
0xffffffff
0xffffffff
0xffffffff
0xffffffff
0xffffffff
0xffffffff
0xffffffff
0xffffffff
0xffffffff
0xffffffff
0xffffffff
0xffffffff
0xffffffff
0xffffffff
0xffffffff
0xffffffff
0xffffffff
0xffffffff
0xffffffff
0xffffffff
0xffffffff
0xffffffff
0xffffffff
0xffffffff
0xffffffff
0xffffffff
0xffffffff
0xffffffff
0xffffffff
0xffffffff
0xffffffff
0xffffffff
0xffffffff
0xffffffff
0xffffffff
0xffffffff
0xffffffff
0xffffffff
0xffffffff
0xffffffff
0xffffffff
0xffffffff
0xffffffff
0xffffffff
0xffffffff
0xffffffff
0xffffffff
0xffffffff
0xffffffff
0xffffffff
0xffffffff
0xffffffff
0xffffffff
0xffffffff
0xffffffff
0xffffffff
0xffffffff
0xffffffff
0xffffffff
0xffffffff
0xffffffff
0xffffffff
0xffffffff
0xffffffff
0xffffffff
0xffffffff
0xffffffff
0xffffffff
0xffffffff
0xffffffff
0xffffffff
0xffffffff
0xffffffff
0xffffffff
0xffffffff
0xffffffff
0xffffffff
0xffffffff
0xffffffff
0xffffffff
0xffffffff
0xffffffff
0xffffffff
0xffffffff
0xffffffff
0xffffffff
0xffffffff
0xffffffff
0xffffffff
0xffffffff
0xffffffff
0xffffffff
0xffffffff
0xffffffff
0xffffffff
0xffffffff
0xffffffff
0xffffffff
0xffffffff
0xffffffff
0xffffffff
0xffffffff
0xffffffff
0xffffffff
0xffffffff
0xffffffff
0xffffffff
0xffffffff
0xffffffff
0xffffffff
0xffffffff
0xffffffff
0xffffffff
0xffffffff
0xffffffff
0xffffffff
0xffffffff
0xffffffff
0xffffffff
0xffffffff
0xffffffff
0xffffffff
0xffffffff
0xffffffff
0xffffffff
0xffffffff
0xffffffff
0xffffffff
0xffffffff
0xffffffff
0xffffffff
0xffffffff
0xffffffff
0xffffffff
0xffffffff
0xffffffff
0xffffffff
0xffffffff
0xffffffff
0xffffffff
0xffffffff
0xffffffff
0xffffffff
0xffffffff
0xffffffff
0xffffffff
0xffffffff
0xffffffff
0xffffffff
0xffffffff
0xffffffff
0xffffffff
0xffffffff
0xffffffff
0xffffffff
0xffffffff
0xffffffff
0xffffffff
0xffffffff
0xffffffff
0xffffffff
0xffffffff
0xffffffff
0xffffffff
0xffffffff
0xffffffff
0xffffffff
0xffffffff
0xffffffff
0xffffffff
0xffffffff
0xffffffff
0xffffffff
0xffffffff
0xffffffff
0xffffffff
0xffffffff
0xffffffff
0xffffffff
0xffffffff
0xffffffff
0xffffffff
0xffffffff
0xffffffff
0xffffffff
0xffffffff
0xffffffff
0xffffffff
0xffffffff
0xffffffff
0xffffffff
0xffffffff
0xffffffff
0xffffffff
0xffffffff
0xffffffff
0xffffffff
0xffffffff
0xffffffff
0xffffffff
0xffffffff
0xffffffff
0xffffffff
0xffffffff
0xffffffff
0xffffffff
0xffffffff
0xffffffff
0xffffffff
0xffffffff
0xffffffff
0xffffffff
0xffffffff
0xffffffff
0xffffffff
0xffffffff
0xffffffff
0xffffffff
0xffffffff
0xffffffff
0xffffffff
0xffffffff
0xffffffff
0xffffffff
0xffffffff
0xffffffff
0xffffffff
0xffffffff
0xffffffff
0xffffffff
0xffffffff
0xffffffff
0xffffffff
0xffffffff
0xffffffff
0xffffffff
0xffffffff
0xffffffff
0xffffffff
0xffffffff
0xffffffff
0xffffffff
0xffffffff
0xffffffff
0xffffffff
0xffffffff
0xffffffff
0xffffffff
0xffffffff
0xffffffff
0xffffffff
0xffffffff
0xffffffff
0xffffffff
0xffffffff
0xffffffff
0xffffffff
0xffffffff
0xffffffff
0xffffffff
0xffffffff
0xffffffff
0xffffffff
0xffffffff
0xffffffff
0xffffffff
0xffffffff
0xffffffff
0xffffffff
0xffffffff
0xffffffff
0xffffffff
0xffffffff
0xffffffff
0xffffffff
0xffffffff
0xffffffff
0xffffffff
0xffffffff
0xffffffff
0xffffffff
0xffffffff
0xffffffff
0xffffffff
0xffffffff
0xffffffff
0xffffffff
0xffffffff
0xffffffff
0xffffffff
0xffffffff
0xffffffff
0xffffffff
0xffffffff
0xffffffff
0xffffffff
0xffffffff
0xffffffff
0xffffffff
0xffffffff
0xffffffff
0xffffffff
0xffffffff
0xffffffff
0xffffffff
0xffffffff
0xffffffff
0xffffffff
0xffffffff
0xffffffff
0xffffffff
0xffffffff
0xffffffff
0xffffffff
0xffffffff
0xffffffff
0xffffffff
0xffffffff
0xffffffff
0xffffffff
0xffffffff
0xffffffff
0xffffffff
0xffffffff
0xffffffff
0xffffffff
0xffffffff
0xffffffff
0xffffffff
0xffffffff
0xffffffff
0xffffffff
0xffffffff
0xffffffff
0xffffffff
0xffffffff
0xffffffff
0xffffffff
0xffffffff
0xffffffff
0xffffffff
0xffffffff
0xffffffff
0xffffffff
0xffffffff
0xffffffff
0xffffffff
0xffffffff
0xffffffff
0xffffffff
0xffffffff
0xffffffff
0xffffffff
0xffffffff
0xffffffff
0xffffffff
0xffffffff
0xffffffff
0xffffffff
0xffffffff
0xffffffff
0xffffffff
0xffffffff
0xffffffff
0xffffffff
0xffffffff
0xffffffff
0xffffffff
0xffffffff
0xffffffff
0xffffffff
0xffffffff
0xffffffff
0xffffffff
0xffffffff
0xffffffff
0xffffffff
0xffffffff
0xffffffff
0xffffffff
0xffffffff
0xffffffff
0xffffffff
0xffffffff
0xffffffff
0xffffffff
0xffffffff
0xffffffff
0xffffffff
0xffffffff
0xffffffff
0xffffffff
0xffffffff
0xffffffff
0xffffffff
0xffffffff
0xffffffff
0xffffffff
0xffffffff
0xffffffff
0xffffffff
0xffffffff
0xffffffff
0xffffffff
0xffffffff
0xffffffff
0xffffffff
0xffffffff
0xffffffff
0xffffffff
0xffffffff
0xffffffff
0xffffffff
0xffffffff
0xffffffff
0xffffffff
0xffffffff
0xffffffff
0xffffffff
0xffffffff
0xffffffff
0xffffffff
0xffffffff
0xffffffff
0xffffffff
0xffffffff
0xffffffff
0xffffffff
0xffffffff
0xffffffff
0xffffffff
0xffffffff
0xffffffff
0xffffffff
0xffffffff
0xffffffff
0xffffffff
0xffffffff
0xffffffff
0xffffffff
0xffffffff
0xffffffff
0xffffffff
0xffffffff
0xffffffff
0xffffffff
0xffffffff
0xffffffff
0xffffffff
0xffffffff
0xffffffff
0xffffffff
0xffffffff
0xffffffff
0xffffffff
0xffffffff
0xffffffff
0xffffffff
0xffffffff
0xffffffff
0xffffffff
0xffffffff
0xffffffff
0xffffffff
0xffffffff
0xffffffff
0xffffffff
0xffffffff
0xffffffff
0xffffffff
0xffffffff
0xffffffff
0xffffffff
0xffffffff
0xffffffff
0xffffffff
0xffffffff
0xffffffff
0xffffffff
0xffffffff
0xffffffff
0xffffffff
0xffffffff
0xffffffff
0xffffffff
0xffffffff
0xffffffff
0xffffffff
0xffffffff
0xffffffff
0xffffffff
0xffffffff
0xffffffff
0xffffffff
0xffffffff
0xffffffff
0xffffffff
0xffffffff
0xffffffff
0xffffffff
0xffffffff
0xffffffff
0xffffffff
0xffffffff
0xffffffff
0xffffffff
0xffffffff
0xffffffff
0xffffffff
0xffffffff
0xffffffff
0xffffffff
0xffffffff
0xffffffff
0xffffffff
0xffffffff
0xffffffff
0xffffffff
0xffffffff
0xffffffff
0xffffffff
0xffffffff
0xffffffff
0xffffffff
0xffffffff
0xffffffff
0xffffffff
0xffffffff
0xffffffff
0xffffffff
0xffffffff
0xffffffff
0xffffffff
0xffffffff
0xffffffff
0xffffffff
0xffffffff
0xffffffff
0xffffffff
0xffffffff
0xffffffff
0xffffffff
0xffffffff
0xffffffff
0xffffffff
0xffffffff
0xffffffff
0xffffffff
0xffffffff
0xffffffff
0xffffffff
0xffffffff
0xffffffff
0xffffffff
0xffffffff
0xffffffff
0xffffffff
0xffffffff
0xffffffff
0xffffffff
0xffffffff
0xffffffff
0xffffffff
0xffffffff
0xffffffff
0xffffffff
0xffffffff
0xffffffff
0xffffffff
0xffffffff
0xffffffff
0xffffffff
0xffffffff
0xffffffff
0xffffffff
0xffffffff
0xffffffff
0xffffffff
0xffffffff
0xffffffff
0xffffffff
0xffffffff
0xffffffff
0xffffffff
0xffffffff
0xffffffff
0xffffffff
0xffffffff
0xffffffff
0xffffffff
0xffffffff
0xffffffff
0xffffffff
0xffffffff
0xffffffff
0xffffffff
0xffffffff
0xffffffff
0xffffffff
0xffffffff
0xffffffff
0xffffffff
0xffffffff
0xffffffff
0xffffffff
0xffffffff
0xffffffff
0xffffffff
0xffffffff
0xffffffff
0xffffffff
0xffffffff
0xffffffff
0xffffffff
0xffffffff
0xffffffff
0xffffffff
0xffffffff
0xffffffff
0xffffffff
0xffffffff
0xffffffff
0xffffffff
0xffffffff
0xffffffff
0xffffffff
0xffffffff
0xffffffff
0xffffffff
0xffffffff
0xffffffff
0xffffffff
0xffffffff
0xffffffff
0xffffffff
0xffffffff
0xffffffff
0xffffffff
0xffffffff
0xffffffff
0xffffffff
0xffffffff
0xffffffff
0xffffffff
0xffffffff
0xffffffff
0xffffffff
0xffffffff
0xffffffff
0xffffffff
0xffffffff
0xffffffff
0xffffffff
0xffffffff
0xffffffff
0xffffffff
0xffffffff
0xffffffff
0xffffffff
0xffffffff
0xffffffff
0xffffffff
0xffffffff
0xffffffff
0xffffffff
0xffffffff
0xffffffff
0xffffffff
0xffffffff
0xffffffff
0xffffffff
0xffffffff
0xffffffff
0xffffffff
0xffffffff
0xffffffff
0xffffffff
0xffffffff
0xffffffff
0xffffffff
0xffffffff
0xffffffff
0xffffffff
0xffffffff
0xffffffff
0xffffffff
0xffffffff
0xffffffff
0xffffffff
0xffffffff
0xffffffff
0xffffffff
0xffffffff
0xffffffff
0xffffffff
0xffffffff
0xffffffff
0xffffffff
0xffffffff
0xffffffff
0xffffffff
0xffffffff
0xffffffff
0xffffffff
0xffffffff
0xffffffff
0xffffffff
0xffffffff
0xffffffff
0xffffffff
0xffffffff
0xffffffff
0xffffffff
0xffffffff
0xffffffff
0xffffffff
0xffffffff
0xffffffff
0xffffffff
0xffffffff
0xffffffff
0xffffffff
0xffffffff
0xffffffff
0xffffffff
0xffffffff
0xffffffff
0xffffffff
0xffffffff
0xffffffff
0xffffffff
0xffffffff
0xffffffff
0xffffffff
0xffffffff
0xffffffff
0xffffffff
0xffffffff
0xffffffff
0xffffffff
0xffffffff
0xffffffff
0xffffffff
0xffffffff
0xffffffff
0xffffffff
0xffffffff
0xffffffff
0xffffffff
0xffffffff
0xffffffff
0xffffffff
0xffffffff
0xffffffff
0xffffffff
0xffffffff
0xffffffff
0xffffffff
0xffffffff
0xffffffff
0xffffffff
0xffffffff
0xffffffff
0xffffffff
0xffffffff
0xffffffff
0xffffffff
0xffffffff
0xffffffff
0xffffffff
0xffffffff
0xffffffff
0xffffffff
0xffffffff
0xffffffff
0xffffffff
0xffffffff
0xffffffff
0xffffffff
0xffffffff
0xffffffff
0xffffffff
0xffffffff
0xffffffff
0xffffffff
0xffffffff
0xffffffff
0xffffffff
0xffffffff
0xffffffff
0xffffffff
0xffffffff
0xffffffff
0xffffffff
0xffffffff
0xffffffff
0xffffffff
0xffffffff
0xffffffff
0xffffffff
0xffffffff
0xffffffff
0xffffffff
0xffffffff
0xffffffff
0xffffffff
0xffffffff
0xffffffff
0xffffffff
0xffffffff
0xffffffff
0xffffffff
0xffffffff
0xffffffff
0xffffffff
0xffffffff
0xffffffff
0xffffffff
0xffffffff
0xffffffff
0xffffffff
0xffffffff
0xffffffff
0xffffffff
0xffffffff
0xffffffff
0xffffffff
0xffffffff
0xffffffff
0xffffffff
0xffffffff
0xffffffff
0xffffffff
0xffffffff
0xffffffff
0xffffffff
0xffffffff
0xffffffff
0xffffffff
0xffffffff
0xffffffff
0xffffffff
0xffffffff
0xffffffff
0xffffffff
0xffffffff
0xffffffff
0xffffffff
0xffffffff
0xffffffff
0xffffffff
0xffffffff
0xffffffff
0xffffffff
0xffffffff
0xffffffff
0xffffffff
0xffffffff
0xffffffff
0xffffffff
0xffffffff
0xffffffff
0xffffffff
0xffffffff
0xffffffff
0xffffffff
0xffffffff
0xffffffff
0xffffffff
0xffffffff
0xffffffff
0xffffffff
0xffffffff
0xffffffff
0xffffffff
0xffffffff
0xffffffff
0xffffffff
0xffffffff
0xffffffff
0xffffffff
0xffffffff
0xffffffff
0xffffffff
0xffffffff
0xffffffff
0xffffffff
0xffffffff
0xffffffff
0xffffffff
0xffffffff
0xffffffff
0xffffffff
0xffffffff
0xffffffff
0xffffffff
0xffffffff
0xffffffff
0xffffffff
0xffffffff
0xffffffff
0xffffffff
0xffffffff
0xffffffff
0xffffffff
0xffffffff
0xffffffff
0xffffffff
0xffffffff
0xffffffff
0xffffffff
0xffffffff
0xffffffff
0xffffffff
0xffffffff
0xffffffff
0xffffffff
0xffffffff
0xffffffff
0xffffffff
0xffffffff
0xffffffff
0xffffffff
0xffffffff
0xffffffff
0xffffffff
0xffffffff
0xffffffff
0xffffffff
0xffffffff
0xffffffff
0xffffffff
0xffffffff
0xffffffff
0xffffffff
0xffffffff
0xffffffff
0xffffffff
0xffffffff
0xffffffff
0xffffffff
0xffffffff
0xffffffff
0xffffffff
0xffffffff
0xffffffff
0xffffffff
0xffffffff
0xffffffff
0xffffffff
0xffffffff
0xffffffff
0xffffffff
0xffffffff
0xffffffff
0xffffffff
0xffffffff
0xffffffff
0xffffffff
0xffffffff
0xffffffff
0xffffffff
0xffffffff
0xffffffff
0xffffffff
0xffffffff
0xffffffff
0xffffffff
0xffffffff
0xffffffff
0xffffffff
0xffffffff
0xffffffff
0xffffffff
0xffffffff
0xffffffff
0xffffffff
0xffffffff
0xffffffff
0xffffffff
0xffffffff
0xffffffff
0xffffffff
0xffffffff
0xffffffff
0xffffffff
0xffffffff
0xffffffff
0xffffffff
0xffffffff
0xffffffff
0xffffffff
0xffffffff
0xffffffff
0xffffffff
0xffffffff
0xffffffff
0xffffffff
0xffffffff
0xffffffff
0xffffffff
0xffffffff
0xffffffff
0xffffffff
0xffffffff
0xffffffff
0xffffffff
0xffffffff
0xffffffff
0xffffffff
0xffffffff
0xffffffff
0xffffffff
0xffffffff
0xffffffff
0xffffffff
0xffffffff
0xffffffff
0xffffffff
0xffffffff
0xffffffff
0xffffffff
0xffffffff
0xffffffff
0xffffffff
0xffffffff
0xffffffff
0xffffffff
0xffffffff
0xffffffff
0xffffffff
0xffffffff
0xffffffff
0xffffffff
0xffffffff
0xffffffff
0xffffffff
0xffffffff
0xffffffff
0xffffffff
0xffffffff
0xffffffff
0xffffffff
0xffffffff
0xffffffff
0xffffffff
0xffffffff
0xffffffff
0xffffffff
0xffffffff
0xffffffff
0xffffffff
0xffffffff
0xffffffff
0xffffffff
0xffffffff
0xffffffff
0xffffffff
0xffffffff
0xffffffff
0xffffffff
0xffffffff
0xffffffff
0xffffffff
0xffffffff
0xffffffff
0xffffffff
0xffffffff
0xffffffff
0xffffffff
0xffffffff
0xffffffff
0xffffffff
0xffffffff
0xffffffff
0xffffffff
0xffffffff
0xffffffff
0xffffffff
0xffffffff
0xffffffff
0xffffffff
0xffffffff
0xffffffff
0xffffffff
0xffffffff
0xffffffff
0xffffffff
0xffffffff
0xffffffff
0xffffffff
0xffffffff
0xffffffff
0xffffffff
0xffffffff
0xffffffff
0xffffffff
0xffffffff
0xffffffff
0xffffffff
0xffffffff
0xffffffff
0xffffffff
0xffffffff
0xffffffff
0xffffffff
0xffffffff
0xffffffff
0xffffffff
0xffffffff
0xffffffff
0xffffffff
0xffffffff
0xffffffff
0xffffffff
0xffffffff
0xffffffff
0xffffffff
0xffffffff
0xffffffff
0xffffffff
0xffffffff
0xffffffff
0xffffffff
0xffffffff
0xffffffff
0xffffffff
0xffffffff
0xffffffff
0xffffffff
0xffffffff
0xffffffff
0xffffffff
0xffffffff
0xffffffff
0xffffffff
0xffffffff
0xffffffff
0xffffffff
0xffffffff
0xffffffff
0xffffffff
0xffffffff
0xffffffff
0xffffffff
0xffffffff
0xffffffff
0xffffffff
0xffffffff
0xffffffff
0xffffffff
0xffffffff
0xffffffff
0xffffffff
0xffffffff
0xffffffff
0xffffffff
0xffffffff
0xffffffff
0xffffffff
0xffffffff
0xffffffff
0xffffffff
0xffffffff
0xffffffff
0xffffffff
0xffffffff
0xffffffff
0xffffffff
0xffffffff
0xffffffff
0xffffffff
0xffffffff
0xffffffff
0xffffffff
0xffffffff
0xffffffff
0xffffffff
0xffffffff
0xffffffff
0xffffffff
0xffffffff
0xffffffff
0xffffffff
0xffffffff
0xffffffff
0xffffffff
0xffffffff
0xffffffff
0xffffffff
0xffffffff
0xffffffff
0xffffffff
0xffffffff
0xffffffff
0xffffffff
0xffffffff
0xffffffff
0xffffffff
0xffffffff
0xffffffff
0xffffffff
0xffffffff
0xffffffff
0xffffffff
0xffffffff
0xffffffff
0xffffffff
0xffffffff
0xffffffff
0xffffffff
0xffffffff
0xffffffff
0xffffffff
0xffffffff
0xffffffff
0xffffffff
0xffffffff
0xffffffff
0xffffffff
0xffffffff
0xffffffff
0xffffffff
0xffffffff
0xffffffff
0xffffffff
0xffffffff
0xffffffff
0xffffffff
0xffffffff
0xffffffff
0xffffffff
0xffffffff
0xffffffff
0xffffffff
0xffffffff
0xffffffff
0xffffffff
0xffffffff
0xffffffff
0xffffffff
0xffffffff
0xffffffff
0xffffffff
0xffffffff
0xffffffff
0xffffffff
0xffffffff
0xffffffff
0xffffffff
0xffffffff
0xffffffff
0xffffffff
0xffffffff
0xffffffff
0xffffffff
0xffffffff
0xffffffff
0xffffffff
0xffffffff
0xffffffff
0xffffffff
0xffffffff
0xffffffff
0xffffffff
0xffffffff
0xffffffff
0xffffffff
0xffffffff
0xffffffff
0xffffffff
0xffffffff
0xffffffff
0xffffffff
0xffffffff
0xffffffff
0xffffffff
0xffffffff
0xffffffff
0xffffffff
0xffffffff
0xffffffff
0xffffffff
0xffffffff
0xffffffff
0xffffffff
0xffffffff
0xffffffff
0xffffffff
0xffffffff
0xffffffff
0xffffffff
0xffffffff
0xffffffff
0xffffffff
0xffffffff
0xffffffff
0xffffffff
0xffffffff
0xffffffff
0xffffffff
0xffffffff
0xffffffff
0xffffffff
0xffffffff
0xffffffff
0xffffffff
0xffffffff
0xffffffff
0xffffffff
0xffffffff
0xffffffff
0xffffffff
0xffffffff
0xffffffff
0xffffffff
0xffffffff
0xffffffff
0xffffffff
0xffffffff
0xffffffff
0xffffffff
0xffffffff
0xffffffff
0xffffffff
0xffffffff
0xffffffff
0xffffffff
0xffffffff
0xffffffff
0xffffffff
0xffffffff
0xffffffff
0xffffffff
0xffffffff
0xffffffff
0xffffffff
0xffffffff
0xffffffff
0xffffffff
0xffffffff
0xffffffff
0xffffffff
0xffffffff
0xffffffff
0xffffffff
0xffffffff
0xffffffff
0xffffffff
0xffffffff
0xffffffff
0xffffffff
0xffffffff
0xffffffff
0xffffffff
0xffffffff
0xffffffff
0xffffffff
0xffffffff
0xffffffff
0xffffffff
0xffffffff
0xffffffff
0xffffffff
0xffffffff
0xffffffff
0xffffffff
0xffffffff
0xffffffff
0xffffffff
0xffffffff
0xffffffff
0xffffffff
0xffffffff
0xffffffff
0xffffffff
0xffffffff
0xffffffff
0xffffffff
0xffffffff
0xffffffff
0xffffffff
0xffffffff
0xffffffff
0xffffffff
0xffffffff
0xffffffff
0xffffffff
0xffffffff
0xffffffff
0xffffffff
0xffffffff
0xffffffff
0xffffffff
0xffffffff
0xffffffff
0xffffffff
0xffffffff
0xffffffff
0xffffffff
0xffffffff
0xffffffff
0xffffffff
0xffffffff
0xffffffff
0xffffffff
0xffffffff
0xffffffff
0xffffffff
0xffffffff
0xffffffff
0xffffffff
0xffffffff
0xffffffff
0xffffffff
0xffffffff
0xffffffff
0x6a01003a
0xbdc30f00
0x10041108
0x12091300
0x14061503
0x16051700
0x18101900
0x1a0f1b0f
0x1c0f1dcf
0x1efb1fcf
0x20fb21bc
0x22cf2343
0x2403250f
0x26002700
0x2840290f
0x2afd2b00
0x2ca22d27
0x2e002f50
0x30003100
0x32003310
0x346c35ff
0x36003700
0x38803a40
0x3c203d00
0x3f004000
0x4cff5700
0x64086500
0xbf00e800
0xe900ea00
0xeb00ec00
0x013dbdc3
0x10001100
0x120013a8
0x14041500
0x16001700
0x18001900
0x1a001b00
0x1c001d00
0x1e001f00
0x20002100
0x22002300
0x24002500
0x26002700
0x28002900
0x2a002b00
0x2c002d00
0x2e002f01
0x30003100
0x32003300
0x34003500
0x36003700
0x38003900
0x3a003b00
0x3c003d00
0x3e003f00
0x40004100
0x42084361
0x44004500
0x46004b00
0x4c004d00
0x4e004f00
0x0241bdc3
0x10001100
0x12001300
0x14001500
0x16001700
0x18001900
0x1a201b20
0x1c001d00
0x1e001f00
0x20002100
0x22002300
0x24002500
0x26002700
0x28002900
0x2a202b20
0x2c002d00
0x2e002f00
0x30003100
0x32003300
0x34003500
0x36003700
0x38003900
0x3a203b20
0x3c003d00
0x3e003f0a
0x40004100
0x42004300
0x44004500
0x46004700
0x48004900
0x4a204b20
0x4c004d00
0x4e004f41
0x035bbdc3
0x10001100
0x12001300
0x14271560
0x16001700
0x18001902
0x1a171b00
0x1c301ea0
0x1f042000
0x21002200
0x23002413
0x25602600
0x27002800
0x29022a17
0x2b002c30
0x2ea02f44
0x30003100
0x32003300
0x34133560
0x36003700
0x38003902
0x3a173b00
0x3c303ea0
0x3f044000
0x41004200
0x43004434
0x45404600
0x47004800
0x49024a8f
0x4b004c20
0x4e444f00
0x50005100
0x52005300
0x54005540
0x56005700
0x58005900
0x5a105b00
0x5c005e60
0x5f036000
0x61006200
0x63006400
0x65406600
0x67006800
0x69006a10
0x6b006c00
0x6e606f10
0x045bbdc3
0x10001100
0x12001300
0x14001540
0x16001700
0x18001900
0x1a101b00
0x1c001e60
0x1f032000
0x21002200
0x23002400
0x25402600
0x27002800
0x29002a10
0x2b002c00
0x2e602f63
0x30003100
0x32003300
0x34133540
0x36003700
0x38003902
0x3a0f3b00
0x3c203e40
0x3f044000
0x41004200
0x4300440d
0x45604600
0x47004800
0x49024a17
0x4b004c30
0x4ea04f04
0x50005100
0x52005300
0x54005540
0x56005700
0x58005900
0x5a105b00
0x5c005e60
0x5f036000
0x61006200
0x63006400
0x65406600
0x67006800
0x69006a10
0x6b006c00
0x6e606f03
0x069dbdc3
0x10001100
0x12001300
0x14001500
0x160017c0
0x18001900
0x1a001b00
0x1c001d00
0x1e001f00
0x20002100
0x22002300
0x24002500
0x260027c0
0x28002900
0x2a002b00
0x2c002d00
0x2e002f00
0x30003100
0x32003300
0x34003500
0x360037c0
0x38003900
0x3a003b00
0x3c003d00
0x3e003f00
0x40004100
0x42004300
0x44004500
0x460047c0
0x48004900
0x4a004b00
0x4c004d00
0x4e004f00
0x70097100
0x72007300
0x74007500
0x76007700
0x78007900
0x7a007b00
0x7c607d00
0x7e007f00
0x80008100
0x82008300
0x84008500
0x86008700
0x88008900
0x8a008b00
0x8c008d00
0x8e108f81
0xa000a100
0xa200a400
0xa500a600
0xa7c0a800
0xa900aa00
0xab00ac00
0xad00ae00
0xaf00b000
0xb100c000
0xc100c200
0xc400c500
0xc600c7c0
0xc800c900
0xca00cb00
0xcc00cd00
0xce00cf00
0xd200d400
0xd500d600
0xd7c0d800
0xd900da00
0xdb00dc00
0xdd00de00
0xdf00e000
0xe100e200
0xe400e500
0xe600e7c0
0xe800e900
0xea00eb00
0xec00ed00
0xee00ef00
0x0730bdc3
0x10001100
0x12001300
0x14001500
0x16001700
0x18001900
0x1a001b00
0x1c001d00
0x1e001f00
0x20002100
0x22002300
0x24002500
0x26002733
0x280f2915
0x2ad52b55
0x2c552d55
0x2e082f01
0x30003100
0x32003300
0x34003500
0x36003700
0x38003900
0x3a003b00
0x3c003d00
0x3e000a49
0xbdc30d00
0x10001100
0x12001300
0x14001500
0x163f1702
0x182f1900
0x1a001b05
0x1c031d24
0x1e401f60
0x20002100
0x22322310
0x24002500
0x26022702
0x28002910
0x2a002b66
0x2c412d18
0x2e002f47
0x30363160
0x32aa33aa
0x34aa352a
0x36003700
0x38fb39ff
0x3aff3bff
0x3cf83d15
0x3e003f00
0x40004100
0x42e84300
0x44004500
0x46004700
0x48004901
0x4a004b00
0x4c004dc0
0x4e204f00
0x57405800
0x72007f40
0xb100c000
0xc1001a4a
0xbdc31000
0x11001200
0x13001400
0x15001600
0x17001900
0x1b001f00
0x21002300
0x24002500
0x26002700
0x29002a00
0x2b002c00
0x2d022e00
0x31003600
0x37003d00
0x3e003f00
0x40004100
0x42004300
0x44004500
0x46004700
0x49004a00
0x4b004c00
0x4d004e00
0x4f005008
0x51005200
0x53005400
0x55005600
0x57005800
0x59005a00
0x5b005c0f
0x5dff5f00
0x60006100
0x62006300
0x64006500
0x66006700
0x68006900
0x6a006b00
0x6cdd7200
0x0b49bdc3
0x0d001000
0x11001200
0x13001400
0x1500163f
0x1702182f
0x19001a00
0x1b051c03
0x1d241e40
0x1f602000
0x21002232
0x23102400
0x25002602
0x27012800
0x29102a00
0x2b662c41
0x2d182e00
0x2f47304f
0x316032aa
0x33aa34aa
0x352a3600
0x370038fb
0x39ff3aff
0x3bff3cf8
0x3d153e00
0x3f004000
0x410042c8
0x43004400
0x45004600
0x47004800
0x49014a00
0x4b004c00
0x4dc04e20
0x4f005740
0x58007200
0x7f40b100
0xc000c100
0x1b4abdc3
0x10001100
0x12001300
0x14001500
0x16001700
0x19001b00
0x1f002100
0x23002400
0x25002600
0x27002900
0x2a002b00
0x2c002d02
0x2e003100
0x36003700
0x3d003e00
0x3f004000
0x41004200
0x43004400
0x45004600
0x47004900
0x4a004b00
0x4c004d00
0x4e004f00
0x50085100
0x52005300
0x54005500
0x56005700
0x58005900
0x5a005b00
0x5c0f5dff
0x5f006000
0x61006200
0x63006400
0x65006600
0x67006800
0x69006a00
0x6b006cdd
0x72000c49
0xbdc30d00
0x10001100
0x12001300
0x14001500
0x163f1702
0x182f1900
0x1a001b05
0x1c031d24
0x1e401f60
0x20002100
0x22322310
0x24002500
0x26022706
0x28002910
0x2a002b66
0x2c412d18
0x2e002f47
0x30353160
0x32db33ae
0x344735c7
0x36003700
0x387f39fc
0x3aff3bff
0x3cf83d15
0x3e003f00
0x40004100
0x42084300
0x44004500
0x46004700
0x48004901
0x4a004b00
0x4c004dc0
0x4e204f00
0x57405800
0x72007f40
0xb100c000
0xc1001c4a
0xbdc31000
0x11001200
0x13001400
0x15001600
0x17001900
0x1b001f00
0x21002300
0x24002500
0x26002700
0x29002a00
0x2b002c00
0x2d022e00
0x31003600
0x37003d00
0x3e003f00
0x40004100
0x42004300
0x44004500
0x46004700
0x49004a00
0x4b004c00
0x4d004e00
0x4f005008
0x51005200
0x53005400
0x55005600
0x57005800
0x59005a00
0x5b005c0f
0x5dff5f00
0x60006100
0x62006300
0x64006500
0x66006700
0x68006900
0x6a006b00
0x6cdd7200
0x0d49bdc3
0x0d001000
0x11001200
0x13001400
0x1500163f
0x1702182f
0x19001a00
0x1b051c03
0x1d241e40
0x1f682000
0x21002232
0x23102400
0x25002602
0x27092800
0x29102a00
0x2b662c41
0x2d182e00
0x2f473051
0x316032ff
0x33ff34ff
0x353f3600
0x370038fb
0x39ff3aff
0x3bff3cf8
0x3d153e00
0x3f004000
0x410042a8
0x43004400
0x45004600
0x47004800
0x49014a00
0x4b004c00
0x4dc04e20
0x4f005740
0x58007200
0x7f40b100
0xc000c100
0x1d4abdc3
0x10001100
0x12001300
0x14001500
0x16001700
0x19001b00
0x1f002100
0x23002400
0x25002600
0x27002900
0x2a002b00
0x2c002d02
0x2e003100
0x36003700
0x3d003e00
0x3f004000
0x41004200
0x43004400
0x45004600
0x47004900
0x4a004b00
0x4c004d00
0x4e004f00
0x50085100
0x52005300
0x54005500
0x56005700
0x58005900
0x5a005b00
0x5c0f5dff
0x5f006000
0x61006200
0x63006400
0x65006600
0x67006800
0x69006a00
0x6b006cdd
0x7200fda3
0xb3d466ff
0xffffffff
0xffffffff
0xffffffff
0xffffffff
0xffffffff
0xffffffff
0xffffffff
0xffffffff
0xffffffff
0xffffffff
0xffffffff
0xffffffff
0xffffffff
0xffffffff
0xffffffff
0xffffffff
0xffffffff
0xffffffff
0xffffffff
0xffffffff
0xffffffff
0xffffffff
0xffffffff
0xffffffff
0xffffffff
0xffffffff
0xffffffff
0xffffffff
0xffffffff
0xffffffff
0xffffffff
0xffffffff
0xffffffff
0xffffffff
0xffffffff
0xffffffff
0xffffffff
0xffffffff
0xffffffff
0xffffffff
0xffffffff
0xffffffff
0xffffffff
0xffffffff
0xffffffff
0xffffffff
0xffffffff
0xffffffff
0xffffffff
0xffffffff
0xffffffff
0xffffffff
0xffffffff
0xffffffff
0xffffffff
0xffffffff
0xffffffff
0xffffffff
0xffffffff
0xffffffff
0xffffffff
0xffffffff
0xffffffff
0xffffffff
0xffffffff
0xffffffff
0xffffffff
0xffffffff
0xffffffff
0xffffffff
0xffffffff
0xffffffff
0xffffffff
0xffffffff
0xffffffff
0xffffffff
0xffffffff
0xffffffff
0xffffffff
0xffffffff
0xffffffff
0xffffffff
0xffffffff
0xffffffff
0xffffffff
0xffffffff
0xffffffff
0xffffffff
0xffffffff
0xffffffff
0xffffffff
0xffffffff
0xffffffff
0xffffffff
0xffffffff
0xffffffff
0xffffffff
0xffffffff
0xffffffff
0xffffffff
0xffffffff
0xffffffff
0xffffffff
0xffffffff
0xffffffff
0xffffffff
0xffffffff
0xffffffff
0xffffffff
0xffffffff
0xffffffff
0xffffffff
0xffffffff
0xffffffff
0xffffffff
0xffffffff
0xffffffff
0xffffffff
0xffffffff
0xffffffff
0xffffffff
0xffffffff
0xffffffff
0xffffffff
0xffffffff
0xffffffff
0xffffffff
0xffffffff
0xffffffff
0xffffffff
0xffffffff
0xffffffff
0xffffffff
0xffffffff
0xffffffff
0xffffffff
0xffffffff
0xffffffff
0xffffffff
0xffffffff
0xffffffff
0xffffffff
0xffffffff
0xffffffff
0xffffffff
0xffffffff
0xffffffff
0xffffffff
0xffffffff
0xffffffff
0xffffffff
0xffffffff
0xffffffff
0xffffffff
0xffffffff
0xffffffff
0xffffffff
0xffffffff
0xffffffff
0xffffffff
0xffffffff
0xffffffff
0xffffffff
0xffffffff
0xffffffff
0xffffffff
0xffffffff
0xffffffff
0xffffffff
0xffffffff
0xffffffff
0xffffffff
0xffffffff
0xffffffff
0xffffffff
0xffffffff
0xffffffff
0xffffffff
0xffffffff
0xffffffff
0xffffffff
0xffffffff
0xffffffff
0xffffffff
0xffffffff
0xffffffff
0xffffffff
0xffffffff
0xffffffff
0xffffffff
0xffffffff
0xffffffff
0xffffffff
0xffffffff
0xffffffff
0xffffffff
0xffffffff
0xffffffff
0xffffffff
0xffffffff
0xffffffff
0xffffffff
0xffffffff
0xffffffff
0xffffffff
0xffffffff
0xffffffff
0xffffffff
0xffffffff
0xffffffff
0xffffffff
0xffffffff
0xffffffff
0xffffffff
0xffffffff
0xffffffff
0xffffffff
0xffffffff
0xffffffff
0xffffffff
0xffffffff
0xffffffff
0xffffffff
0xffffffff
0xffffffff
0xffffffff
0xffffffff
0xffffffff
0xffffffff
0xffffffff
0xffffffff
0xffffffff
0xffffffff
0xffffffff
0xffffffff
0xffffffff
0xffffffff
0xffffffff
0xffffffff
0xffffffff
0xffffffff
0xffffffff
0xffffffff
0xffffffff
0xffffffff
0xffffffff
0xffffffff
0xffffffff
0xffffffff
0xffffffff
0xffffffff
0xffffffff
0xffffffff
0xffffffff
0xffffffff
0xffffffff
0xffffffff
0xffffffff
0xffffffff
0xffffffff
0xffffffff
0xffffffff
0xffffffff
0xffffffff
0xffffffff
0xffffffff
0xffffffff
0xffffffff
0xffffffff
0xffffffff
0xffffffff
0xffffffff
0xffffffff
0xffffffff
0xffffffff
0xffffffff
0xffffffff
0xffffffff
0xffffffff
0xffffffff
0xffffffff
0xffffffff
0xffffffff
0xffffffff
0xffffffff
0xffffffff
0xffffffff
0xffffffff
0xffffffff
0xffffffff
0xffffffff
0xffffffff
0xffffffff
0xffffffff
0xffffffff
0xffffffff
0xffffffff
0xffffffff
0xffffffff
0xffffffff
0xffffffff
0xffffffff
0xffffffff
0xffffffff
0xffffffff
0xffffffff
0xffffffff
0xffffffff
0xffffffff
0xffffffff
0xffffffff
0xffffffff
0xffffffff
0xffffffff
0xffffffff
0xffffffff
0xffffffff
0xffffffff
0xffffffff
0xffffffff
0xffffffff
0xffffffff
0xffffffff
0xffffffff
0xffffffff
0xffffffff
0xffffffff
0xffffffff
0xffffffff
0xffffffff
0xffffffff
0xffffffff
0xffffffff
0xffffffff
0xffffffff
0xffffffff
0xffffffff
0xffffffff
0xffffffff
0xffffffff
0xffffffff
0xffffffff
0xffffffff
0xffffffff
0xffffffff
0xffffffff
0xffffffff
0xffffffff
0xffffffff
0xffffffff
0xffffffff
0xffffffff
0xffffffff
0xffffffff
0xffffffff
0xffffffff
0xffffffff
0xffffffff
0xffffffff
0xffffffff
0xffffffff
0xffffffff
0xffffffff
0xffffffff
0xffffffff
0xffffffff
0xffffffff
0xffffffff
0xffffffff
0xffffffff
0xffffffff
0xffffffff
0xffffffff
0xffffffff
0xffffffff
0xffffffff
0xffffffff
0xffffffff
0xffffffff
0xffffffff
0xffffffff
0xffffffff
0xffffffff
0xffffffff
0xffffffff
0xffffffff
0xffffffff
0xffffffff
0xffffffff
0xffffffff
0xffffffff
0xffffffff
0xffffffff
0xffffffff
0xffffffff
0xffffffff
0xffffffff
0xffffffff
0xffffffff
0xffffffff
0xffffffff
0xffffffff
0xffffffff
0xffffffff
0xffffffff
0xffffffff
0xffffffff
0xffffffff
0xffffffff
0xffffffff
0xffffffff
0xffffffff
0xffffffff
0xffffffff
0xffffffff
0xffffffff
0xffffffff
0xffffffff
0xffffffff
0xffffffff
0xffffffff
0xffffffff
0xffffffff
0xffffffff
0xffffffff
0xffffffff
0xffffffff
0xffffffff
0xffffffff
0xffffffff
0xffffffff
0xffffffff
0xffffffff
0xffffffff
0xffffffff
0xffffffff
0xffffffff
0xffffffff
0xffffffff
0xffffffff
0xffffffff
0xffffffff
0xffffffff
0xffffffff
0xffffffff
0xffffffff
0xffffffff
0xffffffff
0xffffffff
0xffffffff
0xffffffff
0xffffffff
0xffffffff
0xffffffff
0xffffffff
0xffffffff
0xffffffff
0xffffffff
0xffffffff
0xffffffff
0xffffffff
0xffffffff
0xffffffff
0xffffffff
0xffffffff
0xffffffff
0xffffffff
0xffffffff
0xffffffff
0xffffffff
0xffffffff
0xffffffff
0xffffffff
0xffffffff
0xffffffff
0xffffffff
0xffffffff
0xffffffff
0xffffffff
0xffffffff
0xffffffff
0xffffffff
0xffffffff
0xffffffff
0xffffffff
0xffffffff
0xffffffff
0xffffffff
0xffffffff
0xffffffff
0xffffffff
0xffffffff
0xffffffff
0xffffffff
0xffffffff
0xffffffff
0xffffffff
0xffffffff
0xffffffff
0xffffffff
0xffffffff
0xffffffff
0xffffffff
0xffffffff
0xffffffff
0xffffffff
0xffffffff
0xffffffff
0xffffffff
0xffffffff
0xffffffff
0xffffffff
0xffffffff
0xffffffff
0xffffffff
0xffffffff
0xffffffff
0xffffffff
0xffffffff
0xffffffff
0xffffffff
0xffffffff
0xffffffff
0xffffffff
0xffffffff
0xffffffff
0xffffffff
0xffffffff
0xffffffff
0xffffffff
0xffffffff
0xffffffff
0xffffffff
0xffffffff
0xffffffff
0xffffffff
0xffffffff
0xffffffff
0xffffffff
0xffffffff
0xffffffff
0xffffffff
0xffffffff
0xffffffff
0xffffffff
0xffffffff
0xffffffff
0xffffffff
0xffffffff
0xffffffff
0xffffffff
0xffffffff
0xffffffff
0xffffffff
0xffffffff
0xffffffff
0xffffffff
0xffffffff
0xffffffff
0xffffffff
0xffffffff
0xffffffff
0xffffffff
0xffffffff
0xffffffff
0xffffffff
0xffffffff
0xffffffff
0xffffffff
0xffffffff
0xffffffff
0xffffffff
0xffffffff
0xffffffff
0xffffffff
0xffffffff
0xffffffff
0xffffffff
0xffffffff
0xffffffff
0xffffffff
0xffffffff
0xffffffff
0xffffffff
0xffffffff
0xffffffff
0xffffffff
0xffffffff
0xffffffff
0xffffffff
0xffffffff
0xffffffff
0xffffffff
0xffffffff
0xffffffff
0xffffffff
0xffffffff
0xffffffff
0xffffffff
0xffffffff
0xffffffff
0xffffffff
0xffffffff
0xffffffff
0xffffffff
0xffffffff
0xffffffff
0xffffffff
0xffffffff
0xffffffff
0xffffffff
0xffffffff
0xffffffff
0xffffffff
0xffffffff
0xffffffff
0xffffffff
0xffffffff
0xffffffff
0xffffffff
0xffffffff
0xffffffff
0xffffffff
0xffffffff
0xffffffff
0xffffffff
0xffffffff
0xffffffff
0xffffffff
0xffffffff
0xffffffff
0xffffffff
0xffffffff
0xffffffff
0xffffffff
0xffffffff
0xffffffff
0xffffffff
0xffffffff
0xffffffff
0xffffffff
0xffffffff
0xffffffff
0xffffffff
0xffffffff
0xffffffff
0xffffffff
0xffffffff
0xffffffff
0xffffffff
0xffffffff
0xffffffff
0xffffffff
0xffffffff
0xffffffff
0xffffffff
0xffffffff
0xffffffff
0xffffffff
0xffffffff
0xffffffff
0xffffffff
0xffffffff
0xffffffff
0xffffffff
0xffffffff
0xffffffff
0xffffffff
0xffffffff
0xffffffff
0xffffffff
0xffffffff
0xffffffff
0xffffffff
0xffffffff
0xffffffff
0xffffffff
0xffffffff
0xffffffff
0xffffffff
0xffffffff
0xffffffff
0xffffffff
0xffffffff
0xffffffff
0xffffffff
0xffffffff
0xffffffff
0xffffffff
0xffffffff
0xffffffff
0xffffffff
0xffffffff
0xffffffff
0xffffffff
0xffffffff
0xffffffff
0xffffffff
0xffffffff
0xffffffff
0xffffffff
0xffffffff
0xffffffff
0xffffffff
0xffffffff
0xffffffff
0xffffffff
0xffffffff
0xffffffff
0xffffffff
0xffffffff
0xffffffff
0xffffffff
0xffffffff
0xffffffff
0xffffffff
0xffffffff
0xffffffff
0xffffffff
0xffffffff
0xffffffff
0xffffffff
0xffffffff
0xffffffff
0xffffffff
0xffffffff
0xffffffff
0xffffffff
0xffffffff
0xffffffff
0xffffffff
0xffffffff
0xffffffff
0xffffffff
0xffffffff
0xffffffff
0xffffffff
0xffffffff
0xffffffff
0xffffffff
0xffffffff
0xffffffff
0xffffffff
0xffffffff
0xffffffff
0xffffffff
0xffffffff
0xffffffff
0xffffffff
0xffffffff
0xffffffff
0xffffffff
0xffffffff
0xffffffff
0xffffffff
0xffffffff
0xffffffff
0xffffffff
0xffffffff
0xffffffff
0xffffffff
0xffffffff
0xffffffff
0xffffffff
0xffffffff
0xffffffff
0xffffffff
0xffffffff
0xffffffff
0xffffffff
0xffffffff
0xffffffff
0xffffffff
0xffffffff
0xffffffff
0xffffffff
0xffffffff
0xffffffff
0xffffffff
0xffffffff
0xffffffff
0xffffffff
0xffffffff
0xffffffff
0xffffffff
0xffffffff
0xffffffff
0xffffffff
0xffffffff
0xffffffff
0xffffffff
0xffffffff
0xffffffff
0xffffffff
0xffffffff
0xffffffff
0xffffffff
0xffffffff
0xffffffff
0xffffffff
0xffffffff
0xffffffff
0xffffffff
0xffffffff
0xffffffff
0xffffffff
0xffffffff
0xffffffff
0xffffffff
0xffffffff
0xffffffff
0xffffffff
0xffffffff
0xffffffff
0xffffffff
0xffffffff
0xffffffff
0xffffffff
0xffffffff
0xffffffff
0xffffffff
0xffffffff
0xffffffff
0xffffffff
0xffffffff
0xffffffff
0xffffffff
0xffffffff
0xffffffff
0xffffffff
0xffffffff
0xffffffff
0xffffffff
0xffffffff
0xffffffff
0xffffffff
0xffffffff
0xffffffff
0xffffffff
0xffffffff
0xffffffff
0xffffffff
0xffffffff
0xffffffff
0xffffffff
0xffffffff
0xffffffff
0xffffffff
0xffffffff
0xffffffff
0xffffffff
0xffffffff
0xffffffff
0xffffffff
0xffffffff
0xffffffff
0xffffffff
0xffffffff
0xffffffff
0xffffffff
0xffffffff
0xffffffff
0xffffffff
0xffffffff
0xffffffff
0xffffffff
0xffffffff
0xffffffff
0xffffffff
0xffffffff
0xffffffff
0xffffffff
0xffffffff
0xffffffff
0xffffffff
0xffffffff
0xffffffff
0xffffffff
0xffffffff
0xffffffff
0xffffffff
0xffffffff
0xffffffff
0xffffffff
0xffffffff
0xffffffff
0xffffffff
0xffffffff
0xffffffff
0xffffffff
0xffffffff
0xffffffff
0xffffffff
0xffffffff
0xffffffff
0xffffffff
0xffffffff
0xffffffff
0xffffffff
0xffffffff
0xffffffff
0xffffffff
0xffffffff
0xffffffff
0xffffffff
0xffffffff
0xffffffff
0xffffffff
0xffffffff
0xffffffff
0xffffffff
0xffffffff
0xffffffff
0xffffffff
0xffffffff
0xffffffff
0xffffffff
0xffffffff
0xffffffff
0xffffffff
0xffffffff
0xffffffff
0xffffffff
0xffffffff
0xffffffff
0xffffffff
0xffffffff
0xffffffff
0xffffffff
0xffffffff
0xffffffff
0xffffffff
0xffffffff
0xffffffff
0xffffffff
0xffffffff
0xffffffff
0xffffffff
0xffffffff
0xffffffff
0xffffffff
0xffffffff
0xffffffff
0xffffffff
0xffffffff
0xffffffff
0xffffffff
0xffffffff
0xffffffff
0xffffffff
0xffffffff
0xffffffff
0xffffffff
0xffffffff
0xffffffff
0xffffffff
0xffffffff
0xffffffff
0xffffffff
0xffffffff
0xffffffff
0xffffffff
0xffffffff
0xffffffff
0xffffffff
0xffffffff
0xffffffff
0xffffffff
0xffffffff
0xffffffff
0xffffffff
0xffffffff
0xffffffff
0xffffffff
0xffffffff
0xffffffff
0xffffffff
0xffffffff
0xffffffff
0xffffffff
0xffffffff
0xffffffff
0xffffffff
0xffffffff
0xffffffff
0xffffffff
0xffffffff
0xffffffff
0xffffffff
0xffffffff
0xffffffff
0xffffffff
0xffffffff
0xffffffff
0xffffffff
0xffffffff
0xffffffff
0xffffffff
0xffffffff
0xffffffff
0xffffffff
0xffffffff
0xffffffff
0xffffffff
0xffffffff
0xffffffff
0xffffffff
0xffffffff
0xffffffff
0xffffffff
0xffffffff
0xffffffff
0xffffffff
0xffffffff
0xffffffff
0xffffffff
0xffffffff
0xffffffff
0xffffffff
0xffffffff
0xffffffff
0xffffffff
0xffffffff
0xffffffff
0xffffffff
0xffffffff
0xffffffff
0xffffffff
0xffffffff
0xffffffff
0xffffffff
0xffffffff
0xffffffff
0xffffffff
0xffffffff
0xffffffff
0xffffffff
0xffffffff
0xffffffff
0xffffffff
0xffffffff
0xffffffff
0xffffffff
0xffffffff
0xffffffff
0xffffffff
0xffffffff
0xffffffff
0xffffffff
0xffffffff
0xffffffff
0xffffffff
0xffffffff
0xffffffff
0xffffffff
0xffffffff
0xffffffff
0xffffffff
0xffffffff
0xffffffff
0xffffffff
0xffffffff
0xffffffff
0xffffffff
0xffffffff
0xffffffff
0xffffffff
0xffffffff
0xffffffff
0xffffffff
0xffffffff
0xffffffff
0xffffffff
0xffffffff
0xffffffff
0xffffffff
0xffffffff
0xffffffff
0xffffffff
0xffffffff
0xffffffff
0xffffffff
0xffffffff
0xffffffff
0xffffffff
0xffffffff
0xffffffff
0xffffffff
0xffffffff
0xffffffff
0xffffffff
0xffffffff
0xffffffff
0xffffffff
0xffffffff
0xffffffff
0xffffffff
0xffffffff
0xffffffff
0xffffffff
0xffffffff
0xffffffff
0xffffffff
0xffffffff
0xffffffff
0xffffffff
0xffffffff
0xffffffff
0xffffffff
0xffffffff
0xffffffff
0xffffffff
0xffffffff
0xffffffff
0xffffffff
0xffffffff
0xffffffff
0xffffffff
0xffffffff
0xffffffff
0xffffffff
0xffffffff
0xffffffff
0xffffffff
0xffffffff
0xffffffff
0xffffffff
0xffffffff
0xffffffff
0xffffffff
0xffffffff
0xffffffff
0xffffffff
0xffffffff
0xffffffff
0xffffffff
0xffffffff
0xffffffff
0xffffffff
0xffffffff
0xffffffff
0xffffffff
0xffffffff
0xffffffff
0xffffffff
0xffffffff
0xffffffff
0xffffffff
0xffffffff
0xffffffff
0xffffffff
0xffffffff
0xffffffff
0xffffffff
0xffffffff
0xffffffff
0xffffffff
0xffffffff
0xffffffff
0xffffffff
0xffffffff
0xffffffff
0xffffffff
0xffffffff
0xffffffff
0xffffffff
0xffffffff
0xffffffff
0xffffffff
0xffffffff
0xffffffff
0xffffffff
0xffffffff
0xffffffff
0xffffffff
0xffffffff
0xffffffff
0xffffffff
0xffffffff
0xffffffff
0xffffffff
0xffffffff
0xffffffff
0xffffffff
0xffffffff
0xffffffff
0xffffffff
0xffffffff
0xffffffff
0xffffffff
0xffffffff
0xffffffff
0xffffffff
0xffffffff
0xffffffff
0xffffffff
0xffffffff
0xffffffff
0xffffffff
0xffffffff
0xffffffff
0xffffffff
0xffffffff
0xffffffff
0xffffffff
0xffffffff
0xffffffff
0xffffffff
0xffffffff
0xffffffff
0xffffffff
0xffffffff
0xffffffff
0xffffffff
0xffffffff
0xffffffff
0xffffffff
0xffffffff
0xffffffff
0xffffffff
0xffffffff
0xffffffff
0xffffffff
0xffffffff
0xffffffff
0xffffffff
0xffffffff
0xffffffff
0xffffffff
0xffffffff
0xffffffff
0xffffffff
0xffffffff
0xffffffff
0xffffffff
0xffffffff
0xffffffff
0xffffffff
0xffffffff
0xffffffff
0xffffffff
0xffffffff
0xffffffff
0xffffffff
0xffffffff
0xffffffff
0xffffffff
0xffffffff
0xffffffff
0xffffffff
0xffffffff
0xffffffff
0xffffffff
0xffffffff
0xffffffff
0xffffffff
0xffffffff
0xffffffff
0xffffffff
0xffffffff
0xffffffff
0xffffffff
0xffffffff
0xffffffff
0xffffffff
0xffffffff
0xffffffff
0xffffffff
0xffffffff
0xffffffff
0xffffffff
0xffffffff
0xffffffff
0xffffffff
0xffffffff
0xffffffff
0xffffffff
0xffffffff
0xffffffff
0xffffffff
0xffffffff
0xffffffff
0xffffffff
0xffffffff
0xffffffff
0xffffffff
0xffffffff
0xffffffff
0xffffffff
0xffffffff
0xffffffff
0xffffffff
0xffffffff
0xffffffff
0xffffffff
0xffffffff
0xffffffff
0xffffffff
0xffffffff
0xffffffff
0xffffffff
0xffffffff
0xffffffff
0xffffffff
0xffffffff
0xffffffff
0xffffffff
0xffffffff
0xffffffff
0xffffffff
0xffffffff
0xffffffff
0xffffffff
0xffffffff
0xffffffff
0xffffffff
0xffffffff
0xffffffff
0xffffffff
0xffffffff
0xffffffff
0xffffffff
0xffffffff
0xffffffff
0xffffffff
0xffffffff
0xffffffff
0xffffffff
0xffffffff
0xffffffff
0xffffffff
0xffffffff
0xffffffff
0xffffffff
0xffffffff
0xffffffff
0xffffffff
0xffffffff
0xffffffff
0xffffffff
0xffffffff
0xffffffff
0xffffffff
0xffffffff
0xffffffff
0xffffffff
0xffffffff
0xffffffff
0xffffffff
0xffffffff
0xffffffff
0xffffffff
0xffffffff
0xffffffff
0xffffffff
0xffffffff
0xffffffff
0xffffffff
0xffffffff
0xffffffff
0xffffffff
0xffffffff
0xffffffff
0xffffffff
0xffffffff
0xffffffff
0xffffffff
0xffffffff
0xffffffff
0xffffffff
0xffffffff
0xffffffff
0xffffffff
0xffffffff
0xffffffff
0xffffffff
0xffffffff
0xffffffff
0xffffffff
0xffffffff
0xffffffff
0xffffffff
0xffffffff
0xffffffff
0xffffffff
0xffffffff
0xffffffff
0xffffffff
0xffffffff
0xffffffff
0xffffffff
0xffffffff
0xffffffff
0xffffffff
0xffffffff
0xffffffff
0xffffffff
0xffffffff
0xffffffff
0xffffffff
0xffffffff
0xffffffff
0xffffffff
0xffffffff
0xffffffff
0xffffffff
0xffffffff
0xffffffff
0xffffffff
0xffffffff
0xffffffff
0xffffffff
0xffffffff
0xffffffff
0xffffffff
0xffffffff
0xffffffff
0xffffffff
0xffffffff
0xffffffff
0xffffffff
0xffffffff
0xffffffff
0xffffffff
0xffffffff
0xffffffff
0xffffffff
0xffffffff
0xffffffff
0xffffffff
0xffffffff
0xffffffff
0xffffffff
0xffffffff
0xffffffff
0xffffffff
0xffffffff
0xffffffff
0xffffffff
0xffffffff
0xffffffff
0xffffffff
0xffffffff
0xffffffff
0xffffffff
0xffffffff
0xffffffff
0xffffffff
0xffffffff
0xffffffff
0xffffffff
0xffffffff
0xffffffff
0xffffffff
0xffffffff
0xffffffff
0xffffffff
0xffffffff
0xffffffff
0x6b01003a
0xbdc30f00
0x10041108
0x12091300
0x14061503
0x16051700
0x18101900
0x1a0f1b0f
0x1c0f1dcf
0x1efb1fcf
0x20fb21bc
0x22cf2343
0x2403250f
0x26002700
0x2840290f
0x2afd2b00
0x2ca22d27
0x2e002f50
0x30003100
0x32003310
0x346c35ff
0x36003700
0x38803a40
0x3c203d00
0x3f004000
0x4cff5700
0x64086500
0xbf00e800
0xe900ea00
0xeb00ec00
0x013dbdc3
0x10001100
0x120013a8
0x14041500
0x16001700
0x18001900
0x1a001b00
0x1c001d00
0x1e001f00
0x20002100
0x22002300
0x24002500
0x26002700
0x28002900
0x2a002b00
0x2c002d00
0x2e002f01
0x30003100
0x32003300
0x34003500
0x36003700
0x38003900
0x3a003b00
0x3c003d00
0x3e003f00
0x40004100
0x42084361
0x44004500
0x46004b00
0x4c004d00
0x4e004f00
0x0241bdc3
0x10001100
0x12001300
0x14001500
0x16001700
0x18001900
0x1a201b20
0x1c001d00
0x1e001f00
0x20002100
0x22002300
0x24002500
0x26002700
0x28002900
0x2a202b20
0x2c002d00
0x2e002f00
0x30003100
0x32003300
0x34003500
0x36003700
0x38003900
0x3a203b20
0x3c003d00
0x3e003f0a
0x40004100
0x42004300
0x44004500
0x46004700
0x48004900
0x4a204b20
0x4c004d00
0x4e004f41
0x035bbdc3
0x10001100
0x12001300
0x14271560
0x16001700
0x18001902
0x1a171b00
0x1c301ea0
0x1f042000
0x21002200
0x23002415
0x25602600
0x27002800
0x29022a17
0x2b002c30
0x2ea02f44
0x30003100
0x32003300
0x34153560
0x36003700
0x38003902
0x3a173b00
0x3c303ea0
0x3f044000
0x41004200
0x43004434
0x45404600
0x47004800
0x49024a8f
0x4b004c20
0x4e444f00
0x50005100
0x52005300
0x54005540
0x56005700
0x58005900
0x5a105b00
0x5c005e60
0x5f036000
0x61006200
0x63006400
0x65406600
0x67006800
0x69006a10
0x6b006c00
0x6e606f10
0x045bbdc3
0x10001100
0x12001300
0x14001540
0x16001700
0x18001900
0x1a101b00
0x1c001e60
0x1f032000
0x21002200
0x23002400
0x25402600
0x27002800
0x29002a10
0x2b002c00
0x2e602f63
0x30003100
0x32003300
0x342f3540
0x36003700
0x38003902
0x3a0f3b00
0x3c203e40
0x3f044000
0x41004200
0x43004420
0x45604600
0x47004800
0x49024a17
0x4b004c30
0x4ea04f04
0x50005100
0x52005300
0x54005540
0x56005700
0x58005900
0x5a105b00
0x5c005e60
0x5f036000
0x61006200
0x63006400
0x65406600
0x67006800
0x69006a10
0x6b006c00
0x6e606f03
0x069dbdc3
0x10001100
0x12001300
0x14001500
0x160017c0
0x18001900
0x1a001b00
0x1c001d00
0x1e001f00
0x20002100
0x22002300
0x24002500
0x260027c0
0x28002900
0x2a002b00
0x2c002d00
0x2e002f00
0x30003100
0x32003300
0x34003500
0x360037c0
0x38003900
0x3a003b00
0x3c003d00
0x3e003f00
0x40004100
0x42004300
0x44004500
0x460047c0
0x48004900
0x4a004b00
0x4c004d00
0x4e004f00
0x70097100
0x72007300
0x74007500
0x76007700
0x78007900
0x7a007b00
0x7c607d00
0x7e007f00
0x80008100
0x82008300
0x84008500
0x86008700
0x88008900
0x8a008b00
0x8c008d00
0x8e108f81
0xa000a100
0xa200a400
0xa500a600
0xa7c0a800
0xa900aa00
0xab00ac00
0xad00ae00
0xaf00b000
0xb100c000
0xc100c200
0xc400c500
0xc600c7c0
0xc800c900
0xca00cb00
0xcc00cd00
0xce00cf00
0xd200d400
0xd500d600
0xd7c0d800
0xd900da00
0xdb00dc00
0xdd00de00
0xdf00e000
0xe100e200
0xe400e500
0xe600e7c0
0xe800e900
0xea00eb00
0xec00ed00
0xee00ef00
0x0730bdc3
0x10001100
0x12001300
0x14001500
0x16001700
0x18001900
0x1a001b00
0x1c001d00
0x1e001f00
0x20002100
0x22002300
0x24002500
0x26002733
0x280f2915
0x2ad52b55
0x2c552d55
0x2e082f01
0x30003100
0x32003300
0x34003500
0x36003700
0x38003900
0x3a003b00
0x3c003d00
0x3e000a49
0xbdc30d00
0x10001100
0x12001300
0x14001500
0x163f1702
0x182f1900
0x1a001b05
0x1c031d24
0x1e401f60
0x20002100
0x22322310
0x24002500
0x26022702
0x28002910
0x2a002b66
0x2c412d18
0x2e002f47
0x30343160
0x32553355
0x34553515
0x36003700
0x38fb39ff
0x3aff3bff
0x3cf83d15
0x3e003f00
0x40004100
0x42084300
0x44004500
0x46004700
0x48004901
0x4a004b00
0x4c004dc0
0x4e204f00
0x57405800
0x72007f40
0xb100c000
0xc1001a4a
0xbdc31000
0x11001200
0x13001400
0x15001600
0x17001900
0x1b001f00
0x21002300
0x24002500
0x26002700
0x29002a00
0x2b002c00
0x2d022e00
0x31003600
0x37003d00
0x3e003f00
0x40004100
0x42004300
0x44004500
0x46004700
0x49004a00
0x4b004c00
0x4d004e00
0x4f005008
0x51005200
0x53005400
0x55005600
0x57005800
0x59005a00
0x5b005c0f
0x5dff5f00
0x60006100
0x62006300
0x64006500
0x66006700
0x68006900
0x6a006b00
0x6cdd7200
0x0b49bdc3
0x0d001000
0x11001200
0x13001400
0x1500163f
0x1702182f
0x19001a00
0x1b051c03
0x1d241e40
0x1f602000
0x21002232
0x23102400
0x25002602
0x27012800
0x29102a00
0x2b662c41
0x2d182e00
0x2f473049
0x31603213
0x33003400
0x35b43600
0x370038bf
0x39ff3aff
0x3bff3cf8
0x3d153e00
0x3f004000
0x41004208
0x43004400
0x45004600
0x47004800
0x49014a00
0x4b004c00
0x4dc04e20
0x4f005740
0x58007200
0x7f40b100
0xc000c100
0x1b4abdc3
0x10001100
0x12001300
0x14001500
0x16001700
0x19001b00
0x1f002100
0x23002400
0x25002600
0x27002900
0x2a002b00
0x2c002d02
0x2e003100
0x36003700
0x3d003e00
0x3f004000
0x41004200
0x43004400
0x45004600
0x47004900
0x4a004b00
0x4c004d00
0x4e004f00
0x50085100
0x52005300
0x54005500
0x56005700
0x58005900
0x5a005b00
0x5c0f5dff
0x5f006000
0x61006200
0x63006400
0x65006600
0x67006800
0x69006a00
0x6b006cdd
0x72000c49
0xbdc30d00
0x10001100
0x12001300
0x14001500
0x163f1702
0x182f1900
0x1a001b05
0x1c031d24
0x1e401f60
0x20002100
0x22322310
0x24002500
0x26022706
0x28002910
0x2a002b66
0x2c412d18
0x2e002f47
0x303a3160
0x328d331d
0x34853555
0x36003700
0x387f39fc
0x3aff3bff
0x3cf83d15
0x3e003f00
0x40004100
0x42a84300
0x44004500
0x46004700
0x48004901
0x4a004b00
0x4c004dc0
0x4e204f00
0x57405800
0x72007f40
0xb100c000
0xc1001c4a
0xbdc31000
0x11001200
0x13001400
0x15001600
0x17001900
0x1b001f00
0x21002300
0x24002500
0x26002700
0x29002a00
0x2b002c00
0x2d022e00
0x31003600
0x37003d00
0x3e003f00
0x40004100
0x42004300
0x44004500
0x46004700
0x49004a00
0x4b004c00
0x4d004e00
0x4f005008
0x51005200
0x53005400
0x55005600
0x57005800
0x59005a00
0x5b005c0f
0x5dff5f00
0x60006100
0x62006300
0x64006500
0x66006700
0x68006900
0x6a006b00
0x6cdd7200
0x0d49bdc3
0x0d001000
0x11001200
0x13001400
0x1500163f
0x1702182f
0x19001a00
0x1b051c03
0x1d241e40
0x1f682000
0x21002232
0x23102400
0x25002602
0x27092800
0x29102a00
0x2b662c41
0x2d182e00
0x2f473051
0x316032ff
0x33ff34ff
0x353f3600
0x370038fb
0x39ff3aff
0x3bff3cf8
0x3d153e00
0x3f004000
0x410042a8
0x43004400
0x45004600
0x47004800
0x49014a00
0x4b004c00
0x4dc04e20
0x4f005740
0x58007200
0x7f40b100
0xc000c100
0x1d4abdc3
0x10001100
0x12001300
0x14001500
0x16001700
0x19001b00
0x1f002100
0x23002400
0x25002600
0x27002900
0x2a002b00
0x2c002d02
0x2e003100
0x36003700
0x3d003e00
0x3f004000
0x41004200
0x43004400
0x45004600
0x47004900
0x4a004b00
0x4c004d00
0x4e004f00
0x50085100
0x52005300
0x54005500
0x56005700
0x58005900
0x5a005b00
0x5c0f5dff
0x5f006000
0x61006200
0x63006400
0x65006600
0x67006800
0x69006a00
0x6b006cdd
0x7200fdb5
0xb711ceff
0xffffffff
0xffffffff
0xffffffff
0xffffffff
0xffffffff
0xffffffff
0xffffffff
0xffffffff
0xffffffff
0xffffffff
0xffffffff
0xffffffff
0xffffffff
0xffffffff
0xffffffff
0xffffffff
0xffffffff
0xffffffff
0xffffffff
0xffffffff
0xffffffff
0xffffffff
0xffffffff
0xffffffff
0xffffffff
0xffffffff
0xffffffff
0xffffffff
0xffffffff
0xffffffff
0xffffffff
0xffffffff
0xffffffff
0xffffffff
0xffffffff
0xffffffff
0xffffffff
0xffffffff
0xffffffff
0xffffffff
0xffffffff
0xffffffff
0xffffffff
0xffffffff
0xffffffff
0xffffffff
0xffffffff
0xffffffff
0xffffffff
0xffffffff
0xffffffff
0xffffffff
0xffffffff
0xffffffff
0xffffffff
0xffffffff
0xffffffff
0xffffffff
0xffffffff
0xffffffff
0xffffffff
0xffffffff
0xffffffff
0xffffffff
0xffffffff
0xffffffff
0xffffffff
0xffffffff
0xffffffff
0xffffffff
0xffffffff
0xffffffff
0xffffffff
0xffffffff
0xffffffff
0xffffffff
0xffffffff
0xffffffff
0xffffffff
0xffffffff
0xffffffff
0xffffffff
0xffffffff
0xffffffff
0xffffffff
0xffffffff
0xffffffff
0xffffffff
0xffffffff
0xffffffff
0xffffffff
0xffffffff
0xffffffff
0xffffffff
0xffffffff
0xffffffff
0xffffffff
0xffffffff
0xffffffff
0xffffffff
0xffffffff
0xffffffff
0xffffffff
0xffffffff
0xffffffff
0xffffffff
0xffffffff
0xffffffff
0xffffffff
0xffffffff
0xffffffff
0xffffffff
0xffffffff
0xffffffff
0xffffffff
0xffffffff
0xffffffff
0xffffffff
0xffffffff
0xffffffff
0xffffffff
0xffffffff
0xffffffff
0xffffffff
0xffffffff
0xffffffff
0xffffffff
0xffffffff
0xffffffff
0xffffffff
0xffffffff
0xffffffff
0xffffffff
0xffffffff
0xffffffff
0xffffffff
0xffffffff
0xffffffff
0xffffffff
0xffffffff
0xffffffff
0xffffffff
0xffffffff
0xffffffff
0xffffffff
0xffffffff
0xffffffff
0xffffffff
0xffffffff
0xffffffff
0xffffffff
0xffffffff
0xffffffff
0xffffffff
0xffffffff
0xffffffff
0xffffffff
0xffffffff
0xffffffff
0xffffffff
0xffffffff
0xffffffff
0xffffffff
0xffffffff
0xffffffff
0xffffffff
0xffffffff
0xffffffff
0xffffffff
0xffffffff
0xffffffff
0xffffffff
0xffffffff
0xffffffff
0xffffffff
0xffffffff
0xffffffff
0xffffffff
0xffffffff
0xffffffff
0xffffffff
0xffffffff
0xffffffff
0xffffffff
0xffffffff
0xffffffff
0xffffffff
0xffffffff
0xffffffff
0xffffffff
0xffffffff
0xffffffff
0xffffffff
0xffffffff
0xffffffff
0xffffffff
0xffffffff
0xffffffff
0xffffffff
0xffffffff
0xffffffff
0xffffffff
0xffffffff
0xffffffff
0xffffffff
0xffffffff
0xffffffff
0xffffffff
0xffffffff
0xffffffff
0xffffffff
0xffffffff
0xffffffff
0xffffffff
0xffffffff
0xffffffff
0xffffffff
0xffffffff
0xffffffff
0xffffffff
0xffffffff
0xffffffff
0xffffffff
0xffffffff
0xffffffff
0xffffffff
0xffffffff
0xffffffff
0xffffffff
0xffffffff
0xffffffff
0xffffffff
0xffffffff
0xffffffff
0xffffffff
0xffffffff
0xffffffff
0xffffffff
0xffffffff
0xffffffff
0xffffffff
0xffffffff
0xffffffff
0xffffffff
0xffffffff
0xffffffff
0xffffffff
0xffffffff
0xffffffff
0xffffffff
0xffffffff
0xffffffff
0xffffffff
0xffffffff
0xffffffff
0xffffffff
0xffffffff
0xffffffff
0xffffffff
0xffffffff
0xffffffff
0xffffffff
0xffffffff
0xffffffff
0xffffffff
0xffffffff
0xffffffff
0xffffffff
0xffffffff
0xffffffff
0xffffffff
0xffffffff
0xffffffff
0xffffffff
0xffffffff
0xffffffff
0xffffffff
0xffffffff
0xffffffff
0xffffffff
0xffffffff
0xffffffff
0xffffffff
0xffffffff
0xffffffff
0xffffffff
0xffffffff
0xffffffff
0xffffffff
0xffffffff
0xffffffff
0xffffffff
0xffffffff
0xffffffff
0xffffffff
0xffffffff
0xffffffff
0xffffffff
0xffffffff
0xffffffff
0xffffffff
0xffffffff
0xffffffff
0xffffffff
0xffffffff
0xffffffff
0xffffffff
0xffffffff
0xffffffff
0xffffffff
0xffffffff
0xffffffff
0xffffffff
0xffffffff
0xffffffff
0xffffffff
0xffffffff
0xffffffff
0xffffffff
0xffffffff
0xffffffff
0xffffffff
0xffffffff
0xffffffff
0xffffffff
0xffffffff
0xffffffff
0xffffffff
0xffffffff
0xffffffff
0xffffffff
0xffffffff
0xffffffff
0xffffffff
0xffffffff
0xffffffff
0xffffffff
0xffffffff
0xffffffff
0xffffffff
0xffffffff
0xffffffff
0xffffffff
0xffffffff
0xffffffff
0xffffffff
0xffffffff
0xffffffff
0xffffffff
0xffffffff
0xffffffff
0xffffffff
0xffffffff
0xffffffff
0xffffffff
0xffffffff
0xffffffff
0xffffffff
0xffffffff
0xffffffff
0xffffffff
0xffffffff
0xffffffff
0xffffffff
0xffffffff
0xffffffff
0xffffffff
0xffffffff
0xffffffff
0xffffffff
0xffffffff
0xffffffff
0xffffffff
0xffffffff
0xffffffff
0xffffffff
0xffffffff
0xffffffff
0xffffffff
0xffffffff
0xffffffff
0xffffffff
0xffffffff
0xffffffff
0xffffffff
0xffffffff
0xffffffff
0xffffffff
0xffffffff
0xffffffff
0xffffffff
0xffffffff
0xffffffff
0xffffffff
0xffffffff
0xffffffff
0xffffffff
0xffffffff
0xffffffff
0xffffffff
0xffffffff
0xffffffff
0xffffffff
0xffffffff
0xffffffff
0xffffffff
0xffffffff
0xffffffff
0xffffffff
0xffffffff
0xffffffff
0xffffffff
0xffffffff
0xffffffff
0xffffffff
0xffffffff
0xffffffff
0xffffffff
0xffffffff
0xffffffff
0xffffffff
0xffffffff
0xffffffff
0xffffffff
0xffffffff
0xffffffff
0xffffffff
0xffffffff
0xffffffff
0xffffffff
0xffffffff
0xffffffff
0xffffffff
0xffffffff
0xffffffff
0xffffffff
0xffffffff
0xffffffff
0xffffffff
0xffffffff
0xffffffff
0xffffffff
0xffffffff
0xffffffff
0xffffffff
0xffffffff
0xffffffff
0xffffffff
0xffffffff
0xffffffff
0xffffffff
0xffffffff
0xffffffff
0xffffffff
0xffffffff
0xffffffff
0xffffffff
0xffffffff
0xffffffff
0xffffffff
0xffffffff
0xffffffff
0xffffffff
0xffffffff
0xffffffff
0xffffffff
0xffffffff
0xffffffff
0xffffffff
0xffffffff
0xffffffff
0xffffffff
0xffffffff
0xffffffff
0xffffffff
0xffffffff
0xffffffff
0xffffffff
0xffffffff
0xffffffff
0xffffffff
0xffffffff
0xffffffff
0xffffffff
0xffffffff
0xffffffff
0xffffffff
0xffffffff
0xffffffff
0xffffffff
0xffffffff
0xffffffff
0xffffffff
0xffffffff
0xffffffff
0xffffffff
0xffffffff
0xffffffff
0xffffffff
0xffffffff
0xffffffff
0xffffffff
0xffffffff
0xffffffff
0xffffffff
0xffffffff
0xffffffff
0xffffffff
0xffffffff
0xffffffff
0xffffffff
0xffffffff
0xffffffff
0xffffffff
0xffffffff
0xffffffff
0xffffffff
0xffffffff
0xffffffff
0xffffffff
0xffffffff
0xffffffff
0xffffffff
0xffffffff
0xffffffff
0xffffffff
0xffffffff
0xffffffff
0xffffffff
0xffffffff
0xffffffff
0xffffffff
0xffffffff
0xffffffff
0xffffffff
0xffffffff
0xffffffff
0xffffffff
0xffffffff
0xffffffff
0xffffffff
0xffffffff
0xffffffff
0xffffffff
0xffffffff
0xffffffff
0xffffffff
0xffffffff
0xffffffff
0xffffffff
0xffffffff
0xffffffff
0xffffffff
0xffffffff
0xffffffff
0xffffffff
0xffffffff
0xffffffff
0xffffffff
0xffffffff
0xffffffff
0xffffffff
0xffffffff
0xffffffff
0xffffffff
0xffffffff
0xffffffff
0xffffffff
0xffffffff
0xffffffff
0xffffffff
0xffffffff
0xffffffff
0xffffffff
0xffffffff
0xffffffff
0xffffffff
0xffffffff
0xffffffff
0xffffffff
0xffffffff
0xffffffff
0xffffffff
0xffffffff
0xffffffff
0xffffffff
0xffffffff
0xffffffff
0xffffffff
0xffffffff
0xffffffff
0xffffffff
0xffffffff
0xffffffff
0xffffffff
0xffffffff
0xffffffff
0xffffffff
0xffffffff
0xffffffff
0xffffffff
0xffffffff
0xffffffff
0xffffffff
0xffffffff
0xffffffff
0xffffffff
0xffffffff
0xffffffff
0xffffffff
0xffffffff
0xffffffff
0xffffffff
0xffffffff
0xffffffff
0xffffffff
0xffffffff
0xffffffff
0xffffffff
0xffffffff
0xffffffff
0xffffffff
0xffffffff
0xffffffff
0xffffffff
0xffffffff
0xffffffff
0xffffffff
0xffffffff
0xffffffff
0xffffffff
0xffffffff
0xffffffff
0xffffffff
0xffffffff
0xffffffff
0xffffffff
0xffffffff
0xffffffff
0xffffffff
0xffffffff
0xffffffff
0xffffffff
0xffffffff
0xffffffff
0xffffffff
0xffffffff
0xffffffff
0xffffffff
0xffffffff
0xffffffff
0xffffffff
0xffffffff
0xffffffff
0xffffffff
0xffffffff
0xffffffff
0xffffffff
0xffffffff
0xffffffff
0xffffffff
0xffffffff
0xffffffff
0xffffffff
0xffffffff
0xffffffff
0xffffffff
0xffffffff
0xffffffff
0xffffffff
0xffffffff
0xffffffff
0xffffffff
0xffffffff
0xffffffff
0xffffffff
0xffffffff
0xffffffff
0xffffffff
0xffffffff
0xffffffff
0xffffffff
0xffffffff
0xffffffff
0xffffffff
0xffffffff
0xffffffff
0xffffffff
0xffffffff
0xffffffff
0xffffffff
0xffffffff
0xffffffff
0xffffffff
0xffffffff
0xffffffff
0xffffffff
0xffffffff
0xffffffff
0xffffffff
0xffffffff
0xffffffff
0xffffffff
0xffffffff
0xffffffff
0xffffffff
0xffffffff
0xffffffff
0xffffffff
0xffffffff
0xffffffff
0xffffffff
0xffffffff
0xffffffff
0xffffffff
0xffffffff
0xffffffff
0xffffffff
0xffffffff
0xffffffff
0xffffffff
0xffffffff
0xffffffff
0xffffffff
0xffffffff
0xffffffff
0xffffffff
0xffffffff
0xffffffff
0xffffffff
0xffffffff
0xffffffff
0xffffffff
0xffffffff
0xffffffff
0xffffffff
0xffffffff
0xffffffff
0xffffffff
0xffffffff
0xffffffff
0xffffffff
0xffffffff
0xffffffff
0xffffffff
0xffffffff
0xffffffff
0xffffffff
0xffffffff
0xffffffff
0xffffffff
0xffffffff
0xffffffff
0xffffffff
0xffffffff
0xffffffff
0xffffffff
0xffffffff
0xffffffff
0xffffffff
0xffffffff
0xffffffff
0xffffffff
0xffffffff
0xffffffff
0xffffffff
0xffffffff
0xffffffff
0xffffffff
0xffffffff
0xffffffff
0xffffffff
0xffffffff
0xffffffff
0xffffffff
0xffffffff
0xffffffff
0xffffffff
0xffffffff
0xffffffff
0xffffffff
0xffffffff
0xffffffff
0xffffffff
0xffffffff
0xffffffff
0xffffffff
0xffffffff
0xffffffff
0xffffffff
0xffffffff
0xffffffff
0xffffffff
0xffffffff
0xffffffff
0xffffffff
0xffffffff
0xffffffff
0xffffffff
0xffffffff
0xffffffff
0xffffffff
0xffffffff
0xffffffff
0xffffffff
0xffffffff
0xffffffff
0xffffffff
0xffffffff
0xffffffff
0xffffffff
0xffffffff
0xffffffff
0xffffffff
0xffffffff
0xffffffff
0xffffffff
0xffffffff
0xffffffff
0xffffffff
0xffffffff
0xffffffff
0xffffffff
0xffffffff
0xffffffff
0xffffffff
0xffffffff
0xffffffff
0xffffffff
0xffffffff
0xffffffff
0xffffffff
0xffffffff
0xffffffff
0xffffffff
0xffffffff
0xffffffff
0xffffffff
0xffffffff
0xffffffff
0xffffffff
0xffffffff
0xffffffff
0xffffffff
0xffffffff
0xffffffff
0xffffffff
0xffffffff
0xffffffff
0xffffffff
0xffffffff
0xffffffff
0xffffffff
0xffffffff
0xffffffff
0xffffffff
0xffffffff
0xffffffff
0xffffffff
0xffffffff
0xffffffff
0xffffffff
0xffffffff
0xffffffff
0xffffffff
0xffffffff
0xffffffff
0xffffffff
0xffffffff
0xffffffff
0xffffffff
0xffffffff
0xffffffff
0xffffffff
0xffffffff
0xffffffff
0xffffffff
0xffffffff
0xffffffff
0xffffffff
0xffffffff
0xffffffff
0xffffffff
0xffffffff
0xffffffff
0xffffffff
0xffffffff
0xffffffff
0xffffffff
0xffffffff
0xffffffff
0xffffffff
0xffffffff
0xffffffff
0xffffffff
0xffffffff
0xffffffff
0xffffffff
0xffffffff
0xffffffff
0xffffffff
0xffffffff
0xffffffff
0xffffffff
0xffffffff
0xffffffff
0xffffffff
0xffffffff
0xffffffff
0xffffffff
0xffffffff
0xffffffff
0xffffffff
0xffffffff
0xffffffff
0xffffffff
0xffffffff
0xffffffff
0xffffffff
0xffffffff
0xffffffff
0xffffffff
0xffffffff
0xffffffff
0xffffffff
0xffffffff
0xffffffff
0xffffffff
0xffffffff
0xffffffff
0xffffffff
0xffffffff
0xffffffff
0xffffffff
0xffffffff
0xffffffff
0xffffffff
0xffffffff
0xffffffff
0xffffffff
0xffffffff
0xffffffff
0xffffffff
0xffffffff
0xffffffff
0xffffffff
0xffffffff
0xffffffff
0xffffffff
0xffffffff
0xffffffff
0xffffffff
0xffffffff
0xffffffff
0xffffffff
0xffffffff
0xffffffff
0xffffffff
0xffffffff
0xffffffff
0xffffffff
0xffffffff
0xffffffff
0xffffffff
0xffffffff
0xffffffff
0xffffffff
0xffffffff
0xffffffff
0xffffffff
0xffffffff
0xffffffff
0xffffffff
0xffffffff
0xffffffff
0xffffffff
0xffffffff
0xffffffff
0xffffffff
0xffffffff
0xffffffff
0xffffffff
0xffffffff
0xffffffff
0xffffffff
0xffffffff
0xffffffff
0xffffffff
0xffffffff
0xffffffff
0xffffffff
0xffffffff
0xffffffff
0xffffffff
0xffffffff
0xffffffff
0xffffffff
0xffffffff
0xffffffff
0xffffffff
0xffffffff
0xffffffff
0xffffffff
0xffffffff
0xffffffff
0xffffffff
0xffffffff
0xffffffff
0xffffffff
0xffffffff
0xffffffff
0xffffffff
0xffffffff
0xffffffff
0xffffffff
0xffffffff
0xffffffff
0xffffffff
0xffffffff
0xffffffff
0xffffffff
0xffffffff
0xffffffff
0xffffffff
0xffffffff
0xffffffff
0xffffffff
0xffffffff
0xffffffff
0xffffffff
0xffffffff
0xffffffff
0xffffffff
0xffffffff
0xffffffff
0xffffffff
0xffffffff
0xffffffff
0xffffffff
0xffffffff
0xffffffff
0xffffffff
0xffffffff
0xffffffff
0xffffffff
0xffffffff
0xffffffff
0xffffffff
0xffffffff
0xffffffff
0xffffffff
0xffffffff
0xffffffff
0xffffffff
0xffffffff
0xffffffff
0xffffffff
0xffffffff
0xffffffff
0xffffffff
0xffffffff
0xffffffff
0xffffffff
0xffffffff
0xffffffff
0xffffffff
0xffffffff
0xffffffff
0xffffffff
0xffffffff
0xffffffff
0xffffffff
0xffffffff
0xffffffff
0xffffffff
0xffffffff
0xffffffff
0xffffffff
0xffffffff
0xffffffff
0xffffffff
0xffffffff
0xffffffff
0xffffffff
0xffffffff
0xffffffff
0xffffffff
0xffffffff
0xffffffff
0xffffffff
0xffffffff
0xffffffff
0xffffffff
0xffffffff
0xffffffff
0xffffffff
0xffffffff
0xffffffff
0xffffffff
0xffffffff
0xffffffff
0xffffffff
0xffffffff
0xffffffff
0xffffffff
0xffffffff
0xffffffff
0xffffffff
0xffffffff
0xffffffff
0xffffffff
0xffffffff
0xffffffff
0xffffffff
0xffffffff
0xffffffff
0xffffffff
0xffffffff
0xffffffff
0xffffffff
0xffffffff
0xffffffff
0xffffffff
0xffffffff
0xffffffff
0xffffffff
0xffffffff
0xffffffff
0xffffffff
0xffffffff
0xffffffff
0xffffffff
0xffffffff
0xffffffff
0xffffffff
0xffffffff
0xffffffff
0xffffffff
0xffffffff
0xffffffff
0xffffffff
0xffffffff
0xffffffff
0xffffffff
0xffffffff
0xffffffff
0xffffffff
0xffffffff
0xffffffff
0xffffffff
0xffffffff
0xffffffff
0xffffffff
0xffffffff
0xffffffff
0xffffffff
0xffffffff
0xffffffff
0xffffffff
0xffffffff
0xffffffff
0xffffffff
0xffffffff
0xffffffff
0xffffffff
0xffffffff
0xffffffff
0xffffffff
0xffffffff
0xffffffff
0xffffffff
0xffffffff
0xffffffff
0xffffffff
0xffffffff
0xffffffff
0xffffffff
0xffffffff
0xffffffff
0xffffffff
0xffffffff
0xffffffff
0xffffffff
0xffffffff
0xffffffff
0xffffffff
0xffffffff
0xffffffff
0xffffffff
0xffffffff
0xffffffff
0xffffffff
0xffffffff
0xffffffff
0xffffffff
0xffffffff
0xffffffff
0xffffffff
0xffffffff
0xffffffff
0xffffffff
0xffffffff
0xffffffff
0xffffffff
0xffffffff
0xffffffff
0xffffffff
0xffffffff
0xffffffff
0xffffffff
0xffffffff
0xffffffff
0xffffffff
0xffffffff
0xffffffff
0xffffffff
0xffffffff
0xffffffff
0xffffffff
0xffffffff
0xffffffff
0xffffffff
0xffffffff
0xffffffff
0xffffffff
0xffffffff
0xffffffff
0xffffffff
0xffffffff
0xffffffff
0xffffffff
0xffffffff
0xffffffff
0xffffffff
0xffffffff
0xffffffff
0xffffffff
0xffffffff
0xffffffff
0xffffffff
0xffffffff
0xffffffff
0xffffffff
0xffffffff
0xffffffff
0xffffffff
0xffffffff
0xffffffff
0xffffffff
0xffffffff
0xffffffff
0xffffffff
0xffffffff
0xffffffff
0xffffffff
0xffffffff
0xffffffff
0xffffffff
0xffffffff
0xffffffff
0xffffffff
0xffffffff
0xffffffff
0xffffffff
0xffffffff
0xffffffff
0xffffffff
0xffffffff
0xffffffff
0xffffffff
0xffffffff
0xffffffff
0xffffffff
0xffffffff
0xffffffff
0xffffffff
0xffffffff
0xffffffff
0xffffffff
0xffffffff
0xffffffff
0xffffffff
0xffffffff
0xffffffff
0xffffffff
0xffffffff
0xffffffff
0xffffffff
0xffffffff
0xffffffff
0xffffffff
0xffffffff
0xffffffff
0xffffffff
0xffffffff
0xffffffff
0xffffffff
0xffffffff
0xffffffff
0xffffffff
0xffffffff
0xffffffff
0xffffffff
0xffffffff
0xffffffff
0xffffffff
0xffffffff
0xffffffff
0xffffffff
0xffffffff
0xffffffff
0xffffffff
0xffffffff
0xffffffff
0xffffffff
0xffffffff
0xffffffff
0xffffffff
0xffffffff
0xffffffff
0xffffffff
0xffffffff
0xffffffff
0xffffffff
0xffffffff
0xffffffff
0xffffffff
0xffffffff
0xffffffff
0xffffffff
0xffffffff
0xffffffff
0xffffffff
0xffffffff
0xffffffff
0xffffffff
0xffffffff
0xffffffff
0xffffffff
0xffffffff
0xffffffff
0xffffffff
0xffffffff
0xffffffff
0xffffffff
0xffffffff
0xffffffff
0xffffffff
0xffffffff
0xffffffff
0xffffffff
0xffffffff
0xffffffff
0xffffffff
0xffffffff
0xffffffff
0xffffffff
0xffffffff
0xffffffff
0xffffffff
0xffffffff
0xffffffff
0xffffffff
0xffffffff
0xffffffff
0xffffffff
0xffffffff
0xffffffff
0xffffffff
0xffffffff
0xffffffff
0xffffffff
0xffffffff
0xffffffff
0xffffffff
0xffffffff
0xffffffff
0xffffffff
0xffffffff
0xffffffff
0xffffffff
0xffffffff
0xffffffff
0xffffffff
0xffffffff
0xffffffff
0xffffffff
0xffffffff
0xffffffff
0xffffffff
0xffffffff
0xffffffff
0xffffffff
0xffffffff
0xffffffff
0xffffffff
0xffffffff
0xffffffff
0xffffffff
0xffffffff
0xffffffff
0xffffffff
0xffffffff
0xffffffff
0xffffffff
0xffffffff
0xffffffff
0xffffffff
0xffffffff
0xffffffff
0xffffffff
0xffffffff
0xffffffff
0xffffffff
0xffffffff
0xffffffff
0xffffffff
0xffffffff
0xffffffff
0xffffffff
0xffffffff
0xffffffff
0xffffffff
0xffffffff
0xffffffff
0xffffffff
0xffffffff
0xffffffff
0xffffffff
0xffffffff
0xffffffff
0xffffffff
0xffffffff
0xffffffff
0xffffffff
0xffffffff
0xffffffff
0xffffffff
0xffffffff
0xffffffff
0xffffffff
0xffffffff
0xffffffff
0xffffffff
0xffffffff
0xffffffff
0xffffffff
0xffffffff
0xffffffff
0xffffffff
0xffffffff
0xffffffff
0xffffffff
0xffffffff
0xffffffff
0xffffffff
0xffffffff
0xffffffff
0xffffffff
0x6c01003a
0xbdc30f00
0x10041108
0x12091300
0x14061503
0x16051700
0x18101900
0x1a0f1b0f
0x1c0f1dcf
0x1efb1fcf
0x20fb21bc
0x22cf2343
0x2403250f
0x26002700
0x2840290f
0x2afd2b00
0x2ca22d27
0x2e002f50
0x30003100
0x32003350
0x346c35ff
0x36003700
0x38803a40
0x3c203d00
0x3f004000
0x4cff5700
0x64086500
0xbf00e800
0xe900ea00
0xeb00ec00
0x013dbdc3
0x10001100
0x120013a8
0x14041500
0x16001700
0x18001900
0x1a001b00
0x1c001d00
0x1e001f00
0x20002100
0x22002300
0x24002500
0x26002700
0x28002900
0x2a002b00
0x2c002d00
0x2e002f01
0x30003100
0x32003300
0x34003500
0x36003700
0x38003900
0x3a003b00
0x3c003d00
0x3e003f00
0x40004100
0x42084361
0x44004500
0x46004b00
0x4c004d00
0x4e004f00
0x0241bdc3
0x10001100
0x12001300
0x14001500
0x16001700
0x18001900
0x1a201b20
0x1c001d00
0x1e001f00
0x20002100
0x22002300
0x24002500
0x26002700
0x28002900
0x2a202b20
0x2c002d00
0x2e002f00
0x30003100
0x32003300
0x34003500
0x36003700
0x38003900
0x3a203b20
0x3c003d00
0x3e003f0a
0x40004100
0x42004300
0x44004500
0x46004700
0x48004900
0x4a204b20
0x4c004d00
0x4e004f41
0x035bbdc3
0x10001100
0x12001300
0x14271560
0x16001700
0x18001902
0x1a171b00
0x1c301ea0
0x1f042000
0x21002200
0x23002413
0x25602600
0x27002800
0x29022a17
0x2b002c30
0x2ea02f44
0x30003100
0x32003300
0x34133560
0x36003700
0x38003902
0x3a173b00
0x3c303ea0
0x3f044000
0x41004200
0x43004434
0x45404600
0x47004800
0x49024a8f
0x4b004c20
0x4e444f00
0x50005100
0x52005300
0x54005540
0x56005700
0x58005900
0x5a105b00
0x5c005e60
0x5f036000
0x61006200
0x63006400
0x65406600
0x67006800
0x69006a10
0x6b006c00
0x6e606f10
0x045bbdc3
0x10001100
0x12001300
0x14001540
0x16001700
0x18001900
0x1a101b00
0x1c001e60
0x1f032000
0x21002200
0x23002400
0x25402600
0x27002800
0x29002a10
0x2b002c00
0x2e602f63
0x30003100
0x32003300
0x342f3560
0x36003700
0x38003902
0x3a173b00
0x3c303ea0
0x3f044000
0x41004200
0x43004422
0x45604600
0x47004800
0x49024a17
0x4b004c30
0x4ea04f04
0x50005100
0x52005300
0x54005540
0x56005700
0x58005900
0x5a105b00
0x5c005e60
0x5f036000
0x61006200
0x63006400
0x65406600
0x67006800
0x69006a10
0x6b006c00
0x6e606f03
0x069dbdc3
0x10001100
0x12001300
0x14001500
0x160017c0
0x18001900
0x1a001b00
0x1c001d00
0x1e001f00
0x20002100
0x22002300
0x24002500
0x260027c0
0x28002900
0x2a002b00
0x2c002d00
0x2e002f00
0x30003100
0x32003300
0x34003500
0x360037c0
0x38003900
0x3a003b00
0x3c003d00
0x3e003f00
0x40004100
0x42004300
0x44004500
0x460047c0
0x48004900
0x4a004b00
0x4c004d00
0x4e004f00
0x70097100
0x72007300
0x74007500
0x76007700
0x78007900
0x7a007b00
0x7c607d00
0x7e007f00
0x80008100
0x82008300
0x84008500
0x86008700
0x88008900
0x8a008b00
0x8c008d00
0x8e108f81
0xa000a100
0xa200a400
0xa500a600
0xa7c0a800
0xa900aa00
0xab00ac00
0xad00ae00
0xaf00b000
0xb100c000
0xc100c200
0xc400c500
0xc600c7c0
0xc800c900
0xca00cb00
0xcc00cd00
0xce00cf00
0xd200d400
0xd500d600
0xd7c0d800
0xd900da00
0xdb00dc00
0xdd00de00
0xdf00e000
0xe100e200
0xe400e500
0xe600e7c0
0xe800e900
0xea00eb00
0xec00ed00
0xee00ef00
0x0730bdc3
0x10001100
0x12001300
0x14001500
0x16001700
0x18001900
0x1a001b00
0x1c001d00
0x1e001f00
0x20002100
0x22002300
0x24002500
0x26002733
0x280f2915
0x2ad52b55
0x2c552d55
0x2e082f01
0x30003100
0x32003300
0x34003500
0x36003700
0x38003900
0x3a003b00
0x3c003d00
0x3e000a49
0xbdc30d00
0x10001100
0x12001300
0x14001500
0x163f1702
0x182f1900
0x1a001b05
0x1c031d24
0x1e401f60
0x20002100
0x22322310
0x24002500
0x26022702
0x28002910
0x2a002b66
0x2c412d18
0x2e002f47
0x30353160
0x32dc3366
0x3466358a
0x36003700
0x38ff39fe
0x3aff3bff
0x3cf83d15
0x3e003f00
0x40004100
0x42084300
0x44004500
0x46004700
0x48004901
0x4a004b00
0x4c004dc0
0x4e204f00
0x57405800
0x72007f40
0xb100c000
0xc1001a4a
0xbdc31000
0x11001200
0x13001400
0x15001600
0x17001900
0x1b001f00
0x21002300
0x24002500
0x26002700
0x29002a00
0x2b002c00
0x2d022e00
0x31003600
0x37003d00
0x3e003f00
0x40004100
0x42004300
0x44004500
0x46004700
0x49004a00
0x4b004c00
0x4d004e00
0x4f005008
0x51005200
0x53005400
0x55005600
0x57005800
0x59005a00
0x5b005c0f
0x5dff5f00
0x60006100
0x62006300
0x64006500
0x66006700
0x68006900
0x6a006b00
0x6cdd7200
0x0b49bdc3
0x0d001000
0x11001200
0x13001400
0x1500163f
0x1702182f
0x19001a00
0x1b051c03
0x1d241e40
0x1f602000
0x21002232
0x23102400
0x25002602
0x27012800
0x29102a00
0x2b662c41
0x2d182e00
0x2f473049
0x31603213
0x33003400
0x35b43600
0x370038bf
0x39ff3aff
0x3bff3cf8
0x3d153e00
0x3f004000
0x41004208
0x43004400
0x45004600
0x47004800
0x49014a00
0x4b004c00
0x4dc04e20
0x4f005740
0x58007200
0x7f40b100
0xc000c100
0x1b4abdc3
0x10001100
0x12001300
0x14001500
0x16001700
0x19001b00
0x1f002100
0x23002400
0x25002600
0x27002900
0x2a002b00
0x2c002d02
0x2e003100
0x36003700
0x3d003e00
0x3f004000
0x41004200
0x43004400
0x45004600
0x47004900
0x4a004b00
0x4c004d00
0x4e004f00
0x50085100
0x52005300
0x54005500
0x56005700
0x58005900
0x5a005b00
0x5c0f5dff
0x5f006000
0x61006200
0x63006400
0x65006600
0x67006800
0x69006a00
0x6b006cdd
0x72000c49
0xbdc30d00
0x10001100
0x12001300
0x14001500
0x163f1702
0x182f1900
0x1a001b05
0x1c031d24
0x1e401f60
0x20002100
0x22322310
0x24002500
0x26022706
0x28002910
0x2a002b66
0x2c412d18
0x2e002f47
0x30353160
0x32db33ae
0x344735c7
0x36003700
0x387f39fc
0x3aff3bff
0x3cf83d15
0x3e003f00
0x40004100
0x42084300
0x44004500
0x46004700
0x48004901
0x4a004b00
0x4c004dc0
0x4e204f00
0x57405800
0x72007f40
0xb100c000
0xc1001c4a
0xbdc31000
0x11001200
0x13001400
0x15001600
0x17001900
0x1b001f00
0x21002300
0x24002500
0x26002700
0x29002a00
0x2b002c00
0x2d022e00
0x31003600
0x37003d00
0x3e003f00
0x40004100
0x42004300
0x44004500
0x46004700
0x49004a00
0x4b004c00
0x4d004e00
0x4f005008
0x51005200
0x53005400
0x55005600
0x57005800
0x59005a00
0x5b005c0f
0x5dff5f00
0x60006100
0x62006300
0x64006500
0x66006700
0x68006900
0x6a006b00
0x6cdd7200
0x0d49bdc3
0x0d001000
0x11001200
0x13001400
0x1500163f
0x1702182f
0x19001a00
0x1b051c03
0x1d241e40
0x1f682000
0x21002232
0x23102400
0x25002602
0x27092800
0x29102a00
0x2b662c41
0x2d182e00
0x2f473051
0x316032ff
0x33ff34ff
0x353f3600
0x370038fb
0x39ff3aff
0x3bff3cf8
0x3d153e00
0x3f004000
0x410042a8
0x43004400
0x45004600
0x47004800
0x49014a00
0x4b004c00
0x4dc04e20
0x4f005740
0x58007200
0x7f40b100
0xc000c100
0x1d4abdc3
0x10001100
0x12001300
0x14001500
0x16001700
0x19001b00
0x1f002100
0x23002400
0x25002600
0x27002900
0x2a002b00
0x2c002d02
0x2e003100
0x36003700
0x3d003e00
0x3f004000
0x41004200
0x43004400
0x45004600
0x47004900
0x4a004b00
0x4c004d00
0x4e004f00
0x50085100
0x52005300
0x54005500
0x56005700
0x58005900
0x5a005b00
0x5c0f5dff
0x5f006000
0x61006200
0x63006400
0x65006600
0x67006800
0x69006a00
0x6b006cdd
0x7200fd9f
0xd55eafff
0xffffffff
0xffffffff
0xffffffff
0xffffffff
0xffffffff
0xffffffff
0xffffffff
0xffffffff
0xffffffff
0xffffffff
0xffffffff
0xffffffff
0xffffffff
0xffffffff
0xffffffff
0xffffffff
0xffffffff
0xffffffff
0xffffffff
0xffffffff
0xffffffff
0xffffffff
0xffffffff
0xffffffff
0xffffffff
0xffffffff
0xffffffff
0xffffffff
0xffffffff
0xffffffff
0xffffffff
0xffffffff
0xffffffff
0xffffffff
0xffffffff
0xffffffff
0xffffffff
0xffffffff
0xffffffff
0xffffffff
0xffffffff
0xffffffff
0xffffffff
0xffffffff
0xffffffff
0xffffffff
0xffffffff
0xffffffff
0xffffffff
0xffffffff
0xffffffff
0xffffffff
0xffffffff
0xffffffff
0xffffffff
0xffffffff
0xffffffff
0xffffffff
0xffffffff
0xffffffff
0xffffffff
0xffffffff
0xffffffff
0xffffffff
0xffffffff
0xffffffff
0xffffffff
0xffffffff
0xffffffff
0xffffffff
0xffffffff
0xffffffff
0xffffffff
0xffffffff
0xffffffff
0xffffffff
0xffffffff
0xffffffff
0xffffffff
0xffffffff
0xffffffff
0xffffffff
0xffffffff
0xffffffff
0xffffffff
0xffffffff
0xffffffff
0xffffffff
0xffffffff
0xffffffff
0xffffffff
0xffffffff
0xffffffff
0xffffffff
0xffffffff
0xffffffff
0xffffffff
0xffffffff
0xffffffff
0xffffffff
0xffffffff
0xffffffff
0xffffffff
0xffffffff
0xffffffff
0xffffffff
0xffffffff
0xffffffff
0xffffffff
0xffffffff
0xffffffff
0xffffffff
0xffffffff
0xffffffff
0xffffffff
0xffffffff
0xffffffff
0xffffffff
0xffffffff
0xffffffff
0xffffffff
0xffffffff
0xffffffff
0xffffffff
0xffffffff
0xffffffff
0xffffffff
0xffffffff
0xffffffff
0xffffffff
0xffffffff
0xffffffff
0xffffffff
0xffffffff
0xffffffff
0xffffffff
0xffffffff
0xffffffff
0xffffffff
0xffffffff
0xffffffff
0xffffffff
0xffffffff
0xffffffff
0xffffffff
0xffffffff
0xffffffff
0xffffffff
0xffffffff
0xffffffff
0xffffffff
0xffffffff
0xffffffff
0xffffffff
0xffffffff
0xffffffff
0xffffffff
0xffffffff
0xffffffff
0xffffffff
0xffffffff
0xffffffff
0xffffffff
0xffffffff
0xffffffff
0xffffffff
0xffffffff
0xffffffff
0xffffffff
0xffffffff
0xffffffff
0xffffffff
0xffffffff
0xffffffff
0xffffffff
0xffffffff
0xffffffff
0xffffffff
0xffffffff
0xffffffff
0xffffffff
0xffffffff
0xffffffff
0xffffffff
0xffffffff
0xffffffff
0xffffffff
0xffffffff
0xffffffff
0xffffffff
0xffffffff
0xffffffff
0xffffffff
0xffffffff
0xffffffff
0xffffffff
0xffffffff
0xffffffff
0xffffffff
0xffffffff
0xffffffff
0xffffffff
0xffffffff
0xffffffff
0xffffffff
0xffffffff
0xffffffff
0xffffffff
0xffffffff
0xffffffff
0xffffffff
0xffffffff
0xffffffff
0xffffffff
0xffffffff
0xffffffff
0xffffffff
0xffffffff
0xffffffff
0xffffffff
0xffffffff
0xffffffff
0xffffffff
0xffffffff
0xffffffff
0xffffffff
0xffffffff
0xffffffff
0xffffffff
0xffffffff
0xffffffff
0xffffffff
0xffffffff
0xffffffff
0xffffffff
0xffffffff
0xffffffff
0xffffffff
0xffffffff
0xffffffff
0xffffffff
0xffffffff
0xffffffff
0xffffffff
0xffffffff
0xffffffff
0xffffffff
0xffffffff
0xffffffff
0xffffffff
0xffffffff
0xffffffff
0xffffffff
0xffffffff
0xffffffff
0xffffffff
0xffffffff
0xffffffff
0xffffffff
0xffffffff
0xffffffff
0xffffffff
0xffffffff
0xffffffff
0xffffffff
0xffffffff
0xffffffff
0xffffffff
0xffffffff
0xffffffff
0xffffffff
0xffffffff
0xffffffff
0xffffffff
0xffffffff
0xffffffff
0xffffffff
0xffffffff
0xffffffff
0xffffffff
0xffffffff
0xffffffff
0xffffffff
0xffffffff
0xffffffff
0xffffffff
0xffffffff
0xffffffff
0xffffffff
0xffffffff
0xffffffff
0xffffffff
0xffffffff
0xffffffff
0xffffffff
0xffffffff
0xffffffff
0xffffffff
0xffffffff
0xffffffff
0xffffffff
0xffffffff
0xffffffff
0xffffffff
0xffffffff
0xffffffff
0xffffffff
0xffffffff
0xffffffff
0xffffffff
0xffffffff
0xffffffff
0xffffffff
0xffffffff
0xffffffff
0xffffffff
0xffffffff
0xffffffff
0xffffffff
0xffffffff
0xffffffff
0xffffffff
0xffffffff
0xffffffff
0xffffffff
0xffffffff
0xffffffff
0xffffffff
0xffffffff
0xffffffff
0xffffffff
0xffffffff
0xffffffff
0xffffffff
0xffffffff
0xffffffff
0xffffffff
0xffffffff
0xffffffff
0xffffffff
0xffffffff
0xffffffff
0xffffffff
0xffffffff
0xffffffff
0xffffffff
0xffffffff
0xffffffff
0xffffffff
0xffffffff
0xffffffff
0xffffffff
0xffffffff
0xffffffff
0xffffffff
0xffffffff
0xffffffff
0xffffffff
0xffffffff
0xffffffff
0xffffffff
0xffffffff
0xffffffff
0xffffffff
0xffffffff
0xffffffff
0xffffffff
0xffffffff
0xffffffff
0xffffffff
0xffffffff
0xffffffff
0xffffffff
0xffffffff
0xffffffff
0xffffffff
0xffffffff
0xffffffff
0xffffffff
0xffffffff
0xffffffff
0xffffffff
0xffffffff
0xffffffff
0xffffffff
0xffffffff
0xffffffff
0xffffffff
0xffffffff
0xffffffff
0xffffffff
0xffffffff
0xffffffff
0xffffffff
0xffffffff
0xffffffff
0xffffffff
0xffffffff
0xffffffff
0xffffffff
0xffffffff
0xffffffff
0xffffffff
0xffffffff
0xffffffff
0xffffffff
0xffffffff
0xffffffff
0xffffffff
0xffffffff
0xffffffff
0xffffffff
0xffffffff
0xffffffff
0xffffffff
0xffffffff
0xffffffff
0xffffffff
0xffffffff
0xffffffff
0xffffffff
0xffffffff
0xffffffff
0xffffffff
0xffffffff
0xffffffff
0xffffffff
0xffffffff
0xffffffff
0xffffffff
0xffffffff
0xffffffff
0xffffffff
0xffffffff
0xffffffff
0xffffffff
0xffffffff
0xffffffff
0xffffffff
0xffffffff
0xffffffff
0xffffffff
0xffffffff
0xffffffff
0xffffffff
0xffffffff
0xffffffff
0xffffffff
0xffffffff
0xffffffff
0xffffffff
0xffffffff
0xffffffff
0xffffffff
0xffffffff
0xffffffff
0xffffffff
0xffffffff
0xffffffff
0xffffffff
0xffffffff
0xffffffff
0xffffffff
0xffffffff
0xffffffff
0xffffffff
0xffffffff
0xffffffff
0xffffffff
0xffffffff
0xffffffff
0xffffffff
0xffffffff
0xffffffff
0xffffffff
0xffffffff
0xffffffff
0xffffffff
0xffffffff
0xffffffff
0xffffffff
0xffffffff
0xffffffff
0xffffffff
0xffffffff
0xffffffff
0xffffffff
0xffffffff
0xffffffff
0xffffffff
0xffffffff
0xffffffff
0xffffffff
0xffffffff
0xffffffff
0xffffffff
0xffffffff
0xffffffff
0xffffffff
0xffffffff
0xffffffff
0xffffffff
0xffffffff
0xffffffff
0xffffffff
0xffffffff
0xffffffff
0xffffffff
0xffffffff
0xffffffff
0xffffffff
0xffffffff
0xffffffff
0xffffffff
0xffffffff
0xffffffff
0xffffffff
0xffffffff
0xffffffff
0xffffffff
0xffffffff
0xffffffff
0xffffffff
0xffffffff
0xffffffff
0xffffffff
0xffffffff
0xffffffff
0xffffffff
0xffffffff
0xffffffff
0xffffffff
0xffffffff
0xffffffff
0xffffffff
0xffffffff
0xffffffff
0xffffffff
0xffffffff
0xffffffff
0xffffffff
0xffffffff
0xffffffff
0xffffffff
0xffffffff
0xffffffff
0xffffffff
0xffffffff
0xffffffff
0xffffffff
0xffffffff
0xffffffff
0xffffffff
0xffffffff
0xffffffff
0xffffffff
0xffffffff
0xffffffff
0xffffffff
0xffffffff
0xffffffff
0xffffffff
0xffffffff
0xffffffff
0xffffffff
0xffffffff
0xffffffff
0xffffffff
0xffffffff
0xffffffff
0xffffffff
0xffffffff
0xffffffff
0xffffffff
0xffffffff
0xffffffff
0xffffffff
0xffffffff
0xffffffff
0xffffffff
0xffffffff
0xffffffff
0xffffffff
0xffffffff
0xffffffff
0xffffffff
0xffffffff
0xffffffff
0xffffffff
0xffffffff
0xffffffff
0xffffffff
0xffffffff
0xffffffff
0xffffffff
0xffffffff
0xffffffff
0xffffffff
0xffffffff
0xffffffff
0xffffffff
0xffffffff
0xffffffff
0xffffffff
0xffffffff
0xffffffff
0xffffffff
0xffffffff
0xffffffff
0xffffffff
0xffffffff
0xffffffff
0xffffffff
0xffffffff
0xffffffff
0xffffffff
0xffffffff
0xffffffff
0xffffffff
0xffffffff
0xffffffff
0xffffffff
0xffffffff
0xffffffff
0xffffffff
0xffffffff
0xffffffff
0xffffffff
0xffffffff
0xffffffff
0xffffffff
0xffffffff
0xffffffff
0xffffffff
0xffffffff
0xffffffff
0xffffffff
0xffffffff
0xffffffff
0xffffffff
0xffffffff
0xffffffff
0xffffffff
0xffffffff
0xffffffff
0xffffffff
0xffffffff
0xffffffff
0xffffffff
0xffffffff
0xffffffff
0xffffffff
0xffffffff
0xffffffff
0xffffffff
0xffffffff
0xffffffff
0xffffffff
0xffffffff
0xffffffff
0xffffffff
0xffffffff
0xffffffff
0xffffffff
0xffffffff
0xffffffff
0xffffffff
0xffffffff
0xffffffff
0xffffffff
0xffffffff
0xffffffff
0xffffffff
0xffffffff
0xffffffff
0xffffffff
0xffffffff
0xffffffff
0xffffffff
0xffffffff
0xffffffff
0xffffffff
0xffffffff
0xffffffff
0xffffffff
0xffffffff
0xffffffff
0xffffffff
0xffffffff
0xffffffff
0xffffffff
0xffffffff
0xffffffff
0xffffffff
0xffffffff
0xffffffff
0xffffffff
0xffffffff
0xffffffff
0xffffffff
0xffffffff
0xffffffff
0xffffffff
0xffffffff
0xffffffff
0xffffffff
0xffffffff
0xffffffff
0xffffffff
0xffffffff
0xffffffff
0xffffffff
0xffffffff
0xffffffff
0xffffffff
0xffffffff
0xffffffff
0xffffffff
0xffffffff
0xffffffff
0xffffffff
0xffffffff
0xffffffff
0xffffffff
0xffffffff
0xffffffff
0xffffffff
0xffffffff
0xffffffff
0xffffffff
0xffffffff
0xffffffff
0xffffffff
0xffffffff
0xffffffff
0xffffffff
0xffffffff
0xffffffff
0xffffffff
0xffffffff
0xffffffff
0xffffffff
0xffffffff
0xffffffff
0xffffffff
0xffffffff
0xffffffff
0xffffffff
0xffffffff
0xffffffff
0xffffffff
0xffffffff
0xffffffff
0xffffffff
0xffffffff
0xffffffff
0xffffffff
0xffffffff
0xffffffff
0xffffffff
0xffffffff
0xffffffff
0xffffffff
0xffffffff
0xffffffff
0xffffffff
0xffffffff
0xffffffff
0xffffffff
0xffffffff
0xffffffff
0xffffffff
0xffffffff
0xffffffff
0xffffffff
0xffffffff
0xffffffff
0xffffffff
0xffffffff
0xffffffff
0xffffffff
0xffffffff
0xffffffff
0xffffffff
0xffffffff
0xffffffff
0xffffffff
0xffffffff
0xffffffff
0xffffffff
0xffffffff
0xffffffff
0xffffffff
0xffffffff
0xffffffff
0xffffffff
0xffffffff
0xffffffff
0xffffffff
0xffffffff
0xffffffff
0xffffffff
0xffffffff
0xffffffff
0xffffffff
0xffffffff
0xffffffff
0xffffffff
0xffffffff
0xffffffff
0xffffffff
0xffffffff
0xffffffff
0xffffffff
0xffffffff
0xffffffff
0xffffffff
0xffffffff
0xffffffff
0xffffffff
0xffffffff
0xffffffff
0xffffffff
0xffffffff
0xffffffff
0xffffffff
0xffffffff
0xffffffff
0xffffffff
0xffffffff
0xffffffff
0xffffffff
0xffffffff
0xffffffff
0xffffffff
0xffffffff
0xffffffff
0xffffffff
0xffffffff
0xffffffff
0xffffffff
0xffffffff
0xffffffff
0xffffffff
0xffffffff
0xffffffff
0xffffffff
0xffffffff
0xffffffff
0xffffffff
0xffffffff
0xffffffff
0xffffffff
0xffffffff
0xffffffff
0xffffffff
0xffffffff
0xffffffff
0xffffffff
0xffffffff
0xffffffff
0xffffffff
0xffffffff
0xffffffff
0xffffffff
0xffffffff
0xffffffff
0xffffffff
0xffffffff
0xffffffff
0xffffffff
0xffffffff
0xffffffff
0xffffffff
0xffffffff
0xffffffff
0xffffffff
0xffffffff
0xffffffff
0xffffffff
0xffffffff
0xffffffff
0xffffffff
0xffffffff
0xffffffff
0xffffffff
0xffffffff
0xffffffff
0xffffffff
0xffffffff
0xffffffff
0xffffffff
0xffffffff
0xffffffff
0xffffffff
0xffffffff
0xffffffff
0xffffffff
0xffffffff
0xffffffff
0xffffffff
0xffffffff
0xffffffff
0xffffffff
0xffffffff
0xffffffff
0xffffffff
0xffffffff
0xffffffff
0xffffffff
0xffffffff
0xffffffff
0xffffffff
0xffffffff
0xffffffff
0xffffffff
0xffffffff
0xffffffff
0xffffffff
0xffffffff
0xffffffff
0xffffffff
0xffffffff
0xffffffff
0xffffffff
0xffffffff
0xffffffff
0xffffffff
0xffffffff
0xffffffff
0xffffffff
0xffffffff
0xffffffff
0xffffffff
0xffffffff
0xffffffff
0xffffffff
0xffffffff
0xffffffff
0xffffffff
0xffffffff
0xffffffff
0xffffffff
0xffffffff
0xffffffff
0xffffffff
0xffffffff
0xffffffff
0xffffffff
0xffffffff
0xffffffff
0xffffffff
0xffffffff
0xffffffff
0xffffffff
0xffffffff
0xffffffff
0xffffffff
0xffffffff
0xffffffff
0xffffffff
0xffffffff
0xffffffff
0xffffffff
0xffffffff
0xffffffff
0xffffffff
0xffffffff
0xffffffff
0xffffffff
0xffffffff
0xffffffff
0xffffffff
0xffffffff
0xffffffff
0xffffffff
0xffffffff
0xffffffff
0xffffffff
0xffffffff
0xffffffff
0xffffffff
0xffffffff
0xffffffff
0xffffffff
0xffffffff
0xffffffff
0xffffffff
0xffffffff
0xffffffff
0xffffffff
0xffffffff
0xffffffff
0xffffffff
0xffffffff
0xffffffff
0xffffffff
0xffffffff
0xffffffff
0xffffffff
0xffffffff
0xffffffff
0xffffffff
0xffffffff
0xffffffff
0xffffffff
0xffffffff
0xffffffff
0xffffffff
0xffffffff
0xffffffff
0xffffffff
0xffffffff
0xffffffff
0xffffffff
0xffffffff
0xffffffff
0xffffffff
0xffffffff
0xffffffff
0xffffffff
0xffffffff
0xffffffff
0xffffffff
0xffffffff
0xffffffff
0xffffffff
0xffffffff
0xffffffff
0xffffffff
0xffffffff
0xffffffff
0xffffffff
0xffffffff
0xffffffff
0xffffffff
0xffffffff
0xffffffff
0xffffffff
0xffffffff
0xffffffff
0xffffffff
0xffffffff
0xffffffff
0xffffffff
0xffffffff
0xffffffff
0xffffffff
0xffffffff
0xffffffff
0xffffffff
0xffffffff
0xffffffff
0xffffffff
0xffffffff
0xffffffff
0xffffffff
0xffffffff
0xffffffff
0xffffffff
0xffffffff
0xffffffff
0xffffffff
0xffffffff
0xffffffff
0xffffffff
0xffffffff
0xffffffff
0xffffffff
0xffffffff
0xffffffff
0xffffffff
0xffffffff
0xffffffff
0xffffffff
0xffffffff
0xffffffff
0xffffffff
0xffffffff
0xffffffff
0xffffffff
0xffffffff
0xffffffff
0xffffffff
0xffffffff
0xffffffff
0xffffffff
0xffffffff
0xffffffff
0xffffffff
0xffffffff
0xffffffff
0xffffffff
0xffffffff
0xffffffff
0xffffffff
0xffffffff
0xffffffff
0xffffffff
0xffffffff
0xffffffff
0xffffffff
0xffffffff
0xffffffff
0xffffffff
0xffffffff
0xffffffff
0xffffffff
0xffffffff
0xffffffff
0xffffffff
0xffffffff
0xffffffff
0xffffffff
0xffffffff
0xffffffff
0xffffffff
0xffffffff
0xffffffff
0xffffffff
0xffffffff
0xffffffff
0xffffffff
0xffffffff
0xffffffff
0xffffffff
0xffffffff
0xffffffff
0xffffffff
0xffffffff
0xffffffff
0xffffffff
0xffffffff
0xffffffff
0xffffffff
0xffffffff
0xffffffff
0xffffffff
0xffffffff
0xffffffff
0xffffffff
0xffffffff
0xffffffff
0xffffffff
0xffffffff
0xffffffff
0xffffffff
0xffffffff
0xffffffff
0xffffffff
0xffffffff
0xffffffff
0xffffffff
0xffffffff
0xffffffff
0xffffffff
0xffffffff
0xffffffff
0xffffffff
0xffffffff
0xffffffff
0xffffffff
0xffffffff
0xffffffff
0xffffffff
0xffffffff
0xffffffff
0xffffffff
0xffffffff
0xffffffff
0xffffffff
0xffffffff
0xffffffff
0xffffffff
0xffffffff
0xffffffff
0xffffffff
0xffffffff
0xffffffff
0xffffffff
0xffffffff
0xffffffff
0xffffffff
0xffffffff
0xffffffff
0xffffffff
0xffffffff
0xffffffff
0xffffffff
0xffffffff
0xffffffff
0xffffffff
0xffffffff
0xffffffff
0xffffffff
0xffffffff
0xffffffff
0xffffffff
0xffffffff
0xffffffff
0xffffffff
0xffffffff
0xffffffff
0xffffffff
0xffffffff
0xffffffff
0xffffffff
0xffffffff
0xffffffff
0xffffffff
0xffffffff
0xffffffff
0xffffffff
0xffffffff
0xffffffff
0xffffffff
0xffffffff
0xffffffff
0xffffffff
0xffffffff
0xffffffff
0xffffffff
0xffffffff
0xffffffff
0xffffffff
0xffffffff
0xffffffff
0xffffffff
0xffffffff
0xffffffff
0xffffffff
0xffffffff
0xffffffff
0xffffffff
0xffffffff
0xffffffff
0xffffffff
0xffffffff
0xffffffff
0xffffffff
0xffffffff
0xffffffff
0xffffffff
0xffffffff
0xffffffff
0xffffffff
0xffffffff
0xffffffff
0xffffffff
0xffffffff
0xffffffff
0xffffffff
0xffffffff
0xffffffff
0xffffffff
0xffffffff
0xffffffff
0xffffffff
0xffffffff
0xffffffff
0xffffffff
0xffffffff
0xffffffff
0xffffffff
0xffffffff
0xffffffff
0xffffffff
0xffffffff
0xffffffff
0xffffffff
0xffffffff
0xffffffff
0xffffffff
0xffffffff
0xffffffff
0xffffffff
0xffffffff
0xffffffff
0xffffffff
0xffffffff
0xffffffff
0xffffffff
0xffffffff
0xffffffff
0xffffffff
0xffffffff
0xffffffff
0xffffffff
0xffffffff
0xffffffff
0xffffffff
0xffffffff
0xffffffff
0xffffffff
0xffffffff
0xffffffff
0xffffffff
0xffffffff
0xffffffff
0xffffffff
0xffffffff
0xffffffff
0xffffffff
0xffffffff
0xffffffff
0xffffffff
0xffffffff
0xffffffff
0xffffffff
0xffffffff
0xffffffff
0xffffffff
0xffffffff
0xffffffff
0xffffffff
0xffffffff
0xffffffff
0xffffffff
0xffffffff
0xffffffff
0xffffffff
0xffffffff
0xffffffff
0xffffffff
0xffffffff
0xffffffff
0xffffffff
0xffffffff
0xffffffff
0xffffffff
0xffffffff
0xffffffff
0xffffffff
0xffffffff
0xffffffff
0xffffffff
0xffffffff
0xffffffff
0xffffffff
0xffffffff
0xffffffff
0xffffffff
0xffffffff
0xffffffff
0xffffffff
0xffffffff
0xffffffff
0xffffffff
0xffffffff
0xffffffff
0xffffffff
0xffffffff
0xffffffff
0xffffffff
0xffffffff
0xffffffff
0xffffffff
0xffffffff
0xffffffff
0xffffffff
0xffffffff
0xffffffff
0xffffffff
0xffffffff
0xffffffff
0xffffffff
0xffffffff
0xffffffff
0xffffffff
0xffffffff
0xffffffff
0xffffffff
0xffffffff
0xffffffff
0xffffffff
0xffffffff
0xffffffff
0xffffffff
0xffffffff
0xffffffff
0xffffffff
0xffffffff
0xffffffff
0xffffffff
0xffffffff
0xffffffff
0xffffffff
0xffffffff
0xffffffff
0xffffffff
0xffffffff
0xffffffff
0xffffffff
0xffffffff
0xffffffff
0xffffffff
0xffffffff
0xffffffff
0xffffffff
0xffffffff
0xffffffff
0xffffffff
0xffffffff
0xffffffff
0xffffffff
0xffffffff
0xffffffff
0xffffffff
0xffffffff
0xffffffff
0xffffffff
0xffffffff
0xffffffff
0xffffffff
0xffffffff
0xffffffff
0xffffffff
0xffffffff
0xffffffff
0xffffffff
0xffffffff
0xffffffff
0xffffffff
0xffffffff
0xffffffff
0xffffffff
0xffffffff
0xffffffff
0xffffffff
0xffffffff
0xffffffff
0xffffffff
0xffffffff
0xffffffff
0xffffffff
0xffffffff
0xffffffff
0xffffffff
0xffffffff
0xffffffff
0xffffffff
0xffffffff
0xffffffff
0xffffffff
0xffffffff
0xffffffff
0xffffffff
0xffffffff
0xffffffff
0xffffffff
0xffffffff
0xffffffff
0xffffffff
0xffffffff
0xffffffff
0xffffffff
0xffffffff
0xffffffff
0xffffffff
0xffffffff
0xffffffff
0xffffffff
0xffffffff
0xffffffff
0xffffffff
0xffffffff
0xffffffff
0xffffffff
0xffffffff
0xffffffff
0xffffffff
0xffffffff
0xffffffff
0xffffffff
0xffffffff
0xffffffff
0xffffffff
0xffffffff
0xffffffff
0xffffffff
0xffffffff
0xffffffff
0xffffffff
0xffffffff
0xffffffff
0xffffffff
0xffffffff
0xffffffff
0xffffffff
0xffffffff
0xffffffff
0xffffffff
0xffffffff
0xffffffff
0xffffffff
0xffffffff
0xffffffff
0xffffffff
0xffffffff
0xffffffff
0xffffffff
0xffffffff
0xffffffff
0xffffffff
0xffffffff
0xffffffff
0xffffffff
0xffffffff
0xffffffff
0xffffffff
0xffffffff
0xffffffff
0xffffffff
0xffffffff
0xffffffff
0xffffffff
0xffffffff
0xffffffff
0xffffffff
0xffffffff
0xffffffff
0xffffffff
0xffffffff
0xffffffff
0xffffffff
0xffffffff
0xffffffff
0xffffffff
0xffffffff
0xffffffff
0xffffffff
0xffffffff
0xffffffff
0xffffffff
0xffffffff
0xffffffff
0xffffffff
0xffffffff
0xffffffff
0xffffffff
0xffffffff
0xffffffff
0xffffffff
0xffffffff
0xffffffff
0xffffffff
0xffffffff
0xffffffff
0xffffffff
0xffffffff
0xffffffff
0xffffffff
0xffffffff
0xffffffff
0xffffffff
0xffffffff
0xffffffff
0xffffffff
0xffffffff
0xffffffff
0xffffffff
0xffffffff
0xffffffff
0xffffffff
0xffffffff
0xffffffff
0xffffffff
0xffffffff
0xffffffff
0xffffffff
0xffffffff
0xffffffff
0xffffffff
0xffffffff
0xffffffff
0xffffffff
0xffffffff
0xffffffff
0xffffffff
0xffffffff
0xffffffff
0xffffffff
0xffffffff
0xffffffff
0xffffffff
0xffffffff
0xffffffff
0xffffffff
0xffffffff
0xffffffff
0xffffffff
0xffffffff
0xffffffff
0xffffffff
0xffffffff
0xffffffff
0xffffffff
0xffffffff
0xffffffff
0xffffffff
0xffffffff
0xffffffff
0xffffffff
0xffffffff
0xffffffff
0xffffffff
0xffffffff
0xffffffff
0xffffffff
0xffffffff
0xffffffff
0xffffffff
0xffffffff
0xffffffff
0xffffffff
0xffffffff
0xffffffff
0xffffffff
0xffffffff
0xffffffff
0xffffffff
0xffffffff
0xffffffff
0xffffffff
0xffffffff
0xffffffff
0xffffffff
0xffffffff
0xffffffff
0xffffffff
0xffffffff
0xffffffff
0xffffffff
0xffffffff
0xffffffff
0xffffffff
0xffffffff
0xffffffff
0xffffffff
0xffffffff
0xffffffff
0xffffffff
0xffffffff
0xffffffff
0xffffffff
0xffffffff
0xffffffff
0xffffffff
0xffffffff
0xffffffff
0xffffffff
0xffffffff
0xffffffff
0xffffffff
0xffffffff
0xffffffff
0xffffffff
0xffffffff
0xffffffff
0xffffffff
0xffffffff
0xffffffff
0xffffffff
0xffffffff
0xffffffff
0xffffffff
0xffffffff
0xffffffff
0xffffffff
0xffffffff
0xffffffff
0xffffffff
0xffffffff
0xffffffff
0xffffffff
0xffffffff
0xffffffff
0xffffffff
0xffffffff
0xffffffff
0xffffffff
0xffffffff
0xffffffff
0xffffffff
0xffffffff
0xffffffff
0xffffffff
0xffffffff
0xffffffff
0xffffffff
0xffffffff
0xffffffff
0xffffffff
0xffffffff
0xffffffff
0xffffffff
0xffffffff
0xffffffff
0xffffffff
0xffffffff
0xffffffff
0xffffffff
0xffffffff
0xffffffff
0xffffffff
0xffffffff
0xffffffff
0xffffffff
0xffffffff
0xffffffff
0xffffffff
0xffffffff
0xffffffff
0xffffffff
0xffffffff
0xffffffff
0xffffffff
0xffffffff
0xffffffff
0xffffffff
0xffffffff
0xffffffff
0xffffffff
0xffffffff
0xffffffff
0xffffffff
0xffffffff
0xffffffff
0xffffffff
0xffffffff
0xffffffff
0xffffffff
0xffffffff
0xffffffff
0xffffffff
0xffffffff
0xffffffff
0xffffffff
0xffffffff
0xffffffff
0xffffffff
0xffffffff
0xffffffff
0xffffffff
0xffffffff
0xffffffff
0xffffffff
0xffffffff
0xffffffff
0xffffffff
0xffffffff
0xffffffff
0xffffffff
0xffffffff
0xffffffff
0xffffffff
0xffffffff
0xffffffff
0xffffffff
0xffffffff
0xffffffff
0xffffffff
0xffffffff
0xffffffff
0xffffffff
0xffffffff
0xffffffff
0xffffffff
0xffffffff
0xffffffff
0xffffffff
0xffffffff
0xffffffff
0xffffffff
0xffffffff
0xffffffff
0xffffffff
0xffffffff
0xffffffff
0xffffffff
0xffffffff
0xffffffff
0xffffffff
0xffffffff
0xffffffff
0xffffffff
0xffffffff
0xffffffff
0xffffffff
0xffffffff
0xffffffff
0xffffffff
0xffffffff
0xffffffff
0xffffffff
0xffffffff
0xffffffff
0xffffffff
0xffffffff
0xffffffff
0xffffffff
0xffffffff
0xffffffff
0xffffffff
0xffffffff
0xffffffff
0xffffffff
0xffffffff
0xffffffff
0xffffffff
0xffffffff
0xffffffff
0xffffffff
0xffffffff
0xffffffff
0xffffffff
0xffffffff
0xffffffff
0xffffffff
0xffffffff
0xffffffff
0xffffffff
0xffffffff
0xffffffff
0xffffffff
0xffffffff
0xffffffff
0xffffffff
0xffffffff
0xffffffff
0xffffffff
0xffffffff
0xffffffff
0xffffffff
0xffffffff
0xffffffff
0xffffffff
0xffffffff
0xffffffff
0xffffffff
0xffffffff
0xffffffff
0xffffffff
0xffffffff
0xffffffff
0xffffffff
0xffffffff
0xffffffff
0xffffffff
0xffffffff
0xffffffff
0xffffffff
0xffffffff
0xffffffff
0xffffffff
0xffffffff
0xffffffff
0xffffffff
0xffffffff
0xffffffff
0xffffffff
0xffffffff
0xffffffff
0xffffffff
0xffffffff
0xffffffff
0xffffffff
0xffffffff
0xffffffff
0xffffffff
0xffffffff
0xffffffff
0xffffffff
0xffffffff
0xffffffff
0xffffffff
0xffffffff
0xffffffff
0xffffffff
0xffffffff
0xffffffff
0xffffffff
0xffffffff
0xffffffff
0xffffffff
0xffffffff
0xffffffff
0xffffffff
0xffffffff
0xffffffff
0xffffffff
0xffffffff
0xffffffff
0xffffffff
0xffffffff
0xffffffff
0xffffffff
0xffffffff
0xffffffff
0xffffffff
0xffffffff
0xffffffff
0xffffffff
0xffffffff
0xffffffff
0xffffffff
0xffffffff
0xffffffff
0xffffffff
0xffffffff
0xffffffff
0xffffffff
0xffffffff
0xffffffff
0xffffffff
0xffffffff
0xffffffff
0xffffffff
0xffffffff
0xffffffff
0xffffffff
0xffffffff
0xffffffff
0xffffffff
0xffffffff
0xffffffff
0xffffffff
0xffffffff
0xffffffff
0xffffffff
0xffffffff
0xffffffff
0xffffffff
0xffffffff
0xffffffff
0xffffffff
0xffffffff
0xffffffff
0xffffffff
0xffffffff
0xffffffff
0xffffffff
0xffffffff
0xffffffff
0xffffffff
0xffffffff
0xffffffff
0xffffffff
0xffffffff
0xffffffff
0xffffffff
0xffffffff
0xffffffff
0xffffffff
0xffffffff
0xffffffff
0xffffffff
0xffffffff
0xffffffff
0xffffffff
0xffffffff
0xffffffff
0xffffffff
0xffffffff
0xffffffff
0xffffffff
0xffffffff
0xffffffff
0xffffffff
0xffffffff
0xffffffff
0xffffffff
0xffffffff
0xffffffff
0xffffffff
0xffffffff
0xffffffff
0xffffffff
0xffffffff
0xffffffff
0xffffffff
0xffffffff
0xffffffff
0xffffffff
0xffffffff
0xffffffff
0xffffffff
0xffffffff
0xffffffff
0xffffffff
0xffffffff
0xffffffff
0xffffffff
0xffffffff
0xffffffff
0xffffffff
0xffffffff
0xffffffff
0xffffffff
0xffffffff
0xffffffff
0xffffffff
0xffffffff
0xffffffff
0xffffffff
0xffffffff
0xffffffff
0xffffffff
0xffffffff
0xffffffff
0xffffffff
0xffffffff
0xffffffff
0xffffffff
0xffffffff
0xffffffff
0xffffffff
0xffffffff
0xffffffff
0xffffffff
0xffffffff
0xffffffff
0xffffffff
0xffffffff
0xffffffff
0xffffffff
0xffffffff
0xffffffff
0xffffffff
0xffffffff
0xffffffff
0xffffffff
0xffffffff
0xffffffff
0xffffffff
0xffffffff
0xffffffff
0xffffffff
0xffffffff
0xffffffff
0xffffffff
0xffffffff
0xffffffff
0xffffffff
0xffffffff
0xffffffff
0xffffffff
0xffffffff
0xffffffff
0xffffffff
0xffffffff
0xffffffff
0xffffffff
0xffffffff
0xffffffff
0xffffffff
0xffffffff
0xffffffff
0xffffffff
0xffffffff
0xffffffff
0xffffffff
0xffffffff
0xffffffff
0xffffffff
0xffffffff
0xffffffff
0xffffffff
0xffffffff
0xffffffff
0xffffffff
0xffffffff
0xffffffff
0xffffffff
0xffffffff
0xffffffff
0xffffffff
0xffffffff
0xffffffff
0xffffffff
0xffffffff
0xffffffff
0xffffffff
0xffffffff
0xffffffff
0xffffffff
0xffffffff
0xffffffff
0xffffffff
0xffffffff
0xffffffff
0xffffffff
0xffffffff
0xffffffff
0xffffffff
0xffffffff
0xffffffff
0xffffffff
0xffffffff
0xffffffff
0xffffffff
0xffffffff
0xffffffff
0xffffffff
0xffffffff
0xffffffff
0xffffffff
0xffffffff
0xffffffff
0xffffffff
0xffffffff
0xffffffff
0xffffffff
0xffffffff
0xffffffff
0xffffffff
0xffffffff
0xffffffff
0xffffffff
0xffffffff
0xffffffff
0xffffffff
0xffffffff
0xffffffff
0xffffffff
0xffffffff
0xffffffff
0xffffffff
0xffffffff
0xffffffff
0xffffffff
0xffffffff
0xffffffff
0xffffffff
0xffffffff
0xffffffff
0xffffffff
0xffffffff
0xffffffff
0xffffffff
0xffffffff
0xffffffff
0xffffffff
0xffffffff
0xffffffff
0xffffffff
0xffffffff
0xffffffff
0xffffffff
0xffffffff
0xffffffff
0xffffffff
0xffffffff
0xffffffff
0xffffffff
0xffffffff
0xffffffff
0xffffffff
0xffffffff
0xffffffff
0xffffffff
0xffffffff
0xffffffff
0xffffffff
0xffffffff
0xffffffff
0xffffffff
0xffffffff
0xffffffff
0xffffffff
0xffffffff
0xffffffff
0xffffffff
0xffffffff
0xffffffff
0xffffffff
0xffffffff
0xffffffff
0xffffffff
0xffffffff
0xffffffff
0xffffffff
0xffffffff
0xffffffff
0xffffffff
0xffffffff
0xffffffff
0xffffffff
0xffffffff
0xffffffff
0xffffffff
0xffffffff
0xffffffff
0xffffffff
0xffffffff
0xffffffff
0xffffffff
0xffffffff
0xffffffff
0xffffffff
0xffffffff
0xffffffff
0xffffffff
0xffffffff
0xffffffff
0xffffffff
0xffffffff
0xffffffff
0xffffffff
0xffffffff
0xffffffff
0xffffffff
0xffffffff
0xffffffff
0xffffffff
0xffffffff
0xffffffff
0xffffffff
0xffffffff
0xffffffff
0xffffffff
0xffffffff
0xffffffff
0xffffffff
0xffffffff
0xffffffff
0xffffffff
0xffffffff
0xffffffff
0xffffffff
0xffffffff
0xffffffff
0xffffffff
0xffffffff
0xffffffff
0xffffffff
0xffffffff
0xffffffff
0xffffffff
0xffffffff
0xffffffff
0xffffffff
0xffffffff
0xffffffff
0xffffffff
0xffffffff
0xffffffff
0xffffffff
0xffffffff
0xffffffff
0xffffffff
0xffffffff
0xffffffff
0xffffffff
0xffffffff
0xffffffff
0xffffffff
0xffffffff
0xffffffff
0xffffffff
0xffffffff
0xffffffff
0xffffffff
0xffffffff
0xffffffff
0xffffffff
0xffffffff
0xffffffff
0xffffffff
0xffffffff
0xffffffff
0xffffffff
0xffffffff
0xffffffff
0xffffffff
0xffffffff
0xffffffff
0xffffffff
0xffffffff
0xffffffff
0xffffffff
0xffffffff
0xffffffff
0xffffffff
0xffffffff
0xffffffff
0xffffffff
0xffffffff
0xffffffff
0xffffffff
0xffffffff
0xffffffff
0xffffffff
0xffffffff
0xffffffff
0xffffffff
0xffffffff
0xffffffff
0xffffffff
0xffffffff
0xffffffff
0xffffffff
0xffffffff
0xffffffff
0xffffffff
0xffffffff
0xffffffff
0xffffffff
0xffffffff
0xffffffff
0xffffffff
0xffffffff
0xffffffff
0xffffffff
0xffffffff
0xffffffff
0xffffffff
0xffffffff
0xffffffff
0xffffffff
0xffffffff
0xffffffff
0xffffffff
0xffffffff
0xffffffff
0xffffffff
0xffffffff
0xffffffff
0xffffffff
0xffffffff
0xffffffff
0xffffffff
0xffffffff
0xffffffff
0xffffffff
0xffffffff
0xffffffff
0xffffffff
0xffffffff
0xffffffff
0xffffffff
0xffffffff
0xffffffff
0xffffffff
0xffffffff
0xffffffff
0xffffffff
0xffffffff
0xffffffff
0xffffffff
0xffffffff
0xffffffff
0xffffffff
0xffffffff
0xffffffff
0xffffffff
0xffffffff
0xffffffff
0xffffffff
0xffffffff
0xffffffff
0xffffffff
0xffffffff
0xffffffff
0xffffffff
0xffffffff
0xffffffff
0xffffffff
0xffffffff
0xffffffff
0xffffffff
0xffffffff
0xffffffff
0xffffffff
0xffffffff
0xffffffff
0xffffffff
0xffffffff
0xffffffff
0xffffffff
0xffffffff
0xffffffff
0xffffffff
0xffffffff
0xffffffff
0xffffffff
0xffffffff
0xffffffff
0xffffffff
0xffffffff
0xffffffff
0xffffffff
0xffffffff
0xffffffff
0xffffffff
0xffffffff
0xffffffff
0xffffffff
0xffffffff
0xffffffff
0xffffffff
0xffffffff
0xffffffff
0xffffffff
0xffffffff
0xffffffff
0xffffffff
0xffffffff
0xffffffff
0xffffffff
0xffffffff
0xffffffff
0xffffffff
0xffffffff
0xffffffff
0xffffffff
0xffffffff
0xffffffff
0xffffffff
0xffffffff
0xffffffff
0xffffffff
0xffffffff
0xffffffff
0xffffffff
0xffffffff
0xffffffff
0xffffffff
0xffffffff
0xffffffff
0xffffffff
0xffffffff
0xffffffff
0xffffffff
0xffffffff
0xffffffff
0xffffffff
0xffffffff
0xffffffff
0xffffffff
0xffffffff
0xffffffff
0xffffffff
0xffffffff
0xffffffff
0xffffffff
0xffffffff
0xffffffff
0xffffffff
0xffffffff
0xffffffff
0xffffffff
0xffffffff
0xffffffff
0xffffffff
0xffffffff
0xffffffff
0xffffffff
0xffffffff
0xffffffff
0xffffffff
0xffffffff
0xffffffff
0xffffffff
0xffffffff
0xffffffff
0xffffffff
0xffffffff
0xffffffff
0xffffffff
0xffffffff
0xffffffff
0xffffffff
0xffffffff
0xffffffff
0xffffffff
0xffffffff
0xffffffff
0xffffffff
0xffffffff
0xffffffff
0xffffffff
0xffffffff
0xffffffff
0xffffffff
0xffffffff
0xffffffff
0xffffffff
0xffffffff
0xffffffff
0xffffffff
0xffffffff
0xffffffff
0xffffffff
0xffffffff
0xffffffff
0xffffffff
0xffffffff
0xffffffff
0xffffffff
0xffffffff
0xffffffff
0xffffffff
0xffffffff
0xffffffff
0xffffffff
0xffffffff
0xffffffff
0xffffffff
0xffffffff
0xffffffff
0xffffffff
0xffffffff
0xffffffff
0xffffffff
0xffffffff
0xffffffff
0xffffffff
0xffffffff
0xffffffff
0xffffffff
0xffffffff
0xffffffff
0xffffffff
0xffffffff
0xffffffff
0xffffffff
0xffffffff
0xffffffff
0xffffffff
0xffffffff
0xffffffff
0xffffffff
0xffffffff
0xffffffff
0xffffffff
0xffffffff
0xffffffff
0xffffffff
0xffffffff
0xffffffff
0xffffffff
0xffffffff
0xffffffff
0xffffffff
0xffffffff
0xffffffff
0xffffffff
0xffffffff
0xffffffff
0xffffffff
0xffffffff
0xffffffff
0xffffffff
0xffffffff
0xffffffff
0xffffffff
0xffffffff
0xffffffff
0xffffffff
0xffffffff
0xffffffff
0xffffffff
0xffffffff
0xffffffff
0xffffffff
0xffffffff
0xffffffff
0xffffffff
0xffffffff
0xffffffff
0xffffffff
0xffffffff
0xffffffff
0xffffffff
0xffffffff
0xffffffff
0xffffffff
0xffffffff
0xffffffff
0xffffffff
0xffffffff
0xffffffff
0xffffffff
0xffffffff
0xffffffff
0xffffffff
0xffffffff
0xffffffff
0xffffffff
0xffffffff
0xffffffff
0xffffffff
0xffffffff
0xffffffff
0xffffffff
0xffffffff
0xffffffff
0xffffffff
0xffffffff
0xffffffff
0xffffffff
0xffffffff
0xffffffff
0xffffffff
0xffffffff
0xffffffff
0xffffffff
0xffffffff
0xffffffff
0xffffffff
0xffffffff
0xffffffff
0xffffffff
0xffffffff
0xffffffff
0xffffffff
0xffffffff
0xffffffff
0xffffffff
0xffffffff
0xffffffff
0xffffffff
0xffffffff
0xffffffff
0xffffffff
0xffffffff
0xffffffff
0xffffffff
0xffffffff
0xffffffff
0xffffffff
0xffffffff
0xffffffff
0xffffffff
0xffffffff
0xffffffff
0xffffffff
0xffffffff
0xffffffff
0xffffffff
0xffffffff
0xffffffff
0xffffffff
0xffffffff
0xffffffff
0xffffffff
0xffffffff
0xffffffff
0xffffffff
0xffffffff
0xffffffff
0xffffffff
0xffffffff
0xffffffff
0xffffffff
0xffffffff
0xffffffff
0xffffffff
0xffffffff
0xffffffff
0xffffffff
0xffffffff
0xffffffff
0xffffffff
0xffffffff
0xffffffff
0xffffffff
0xffffffff
0xffffffff
0xffffffff
0xffffffff
0xffffffff
0xffffffff
0xffffffff
0xffffffff
0xffffffff
0xffffffff
0xffffffff
0xffffffff
0xffffffff
0xffffffff
0xffffffff
0xffffffff
0xffffffff
0xffffffff
0xffffffff
0xffffffff
0xffffffff
0xffffffff
0xffffffff
0xffffffff
0xffffffff
0xffffffff
0xffffffff
0xffffffff
0xffffffff
0xffffffff
0xffffffff
0xffffffff
0xffffffff
0xffffffff
0xffffffff
0xffffffff
0xffffffff
0xffffffff
0xffffffff
0xffffffff
0xffffffff
0xffffffff
0xffffffff
0xffffffff
0xffffffff
0xffffffff
0xffffffff
0xffffffff
0xffffffff
0xffffffff
0xffffffff
0xffffffff
0xffffffff
0xffffffff
0xffffffff
0xffffffff
0xffffffff
0xffffffff
0xffffffff
0xffffffff
0xffffffff
0xffffffff
0xffffffff
0xffffffff
0xffffffff
0xffffffff
0xffffffff
0xffffffff
0xffffffff
0xffffffff
0xffffffff
0xffffffff
0xffffffff
0xffffffff
0xffffffff
0xffffffff
0xffffffff
0xffffffff
0xffffffff
0xffffffff
0xffffffff
0xffffffff
0xffffffff
0xffffffff
0xffffffff
0xffffffff
0xffffffff
0xffffffff
0xffffffff
0xffffffff
0xffffffff
0xffffffff
0xffffffff
0xffffffff
0xffffffff
0xffffffff
0xffffffff
0xffffffff
0xffffffff
0xffffffff
0xffffffff
0xffffffff
0xffffffff
0xffffffff
0xffffffff
0xffffffff
0xffffffff
0xffffffff
0xffffffff
0xffffffff
0xffffffff
0xffffffff
0xffffffff
0xffffffff
0xffffffff
0xffffffff
0xffffffff
0xffffffff
0xffffffff
0xffffffff
0xffffffff
0xffffffff
0xffffffff
0xffffffff
0xffffffff
0xffffffff
0xffffffff
0xffffffff
0xffffffff
0xffffffff
0xffffffff
0xffffffff
0xffffffff
0xffffffff
0xffffffff
0xffffffff
0xffffffff
0xffffffff
0xffffffff
0xffffffff
0xffffffff
0xffffffff
0xffffffff
0xffffffff
0xffffffff
0xffffffff
0xffffffff
0xffffffff
0xffffffff
0xffffffff
0xffffffff
0xffffffff
0xffffffff
0xffffffff
0xffffffff
0xffffffff
0xffffffff
0xffffffff
0xffffffff
0xffffffff
0xffffffff
0xffffffff
0xffffffff
0xffffffff
0xffffffff
0xffffffff
0xffffffff
0xffffffff
0xffffffff
0xffffffff
0xffffffff
0xffffffff
0xffffffff
0xffffffff
0xffffffff
0xffffffff
0xffffffff
0xffffffff
0xffffffff
0xffffffff
0xffffffff
0xffffffff
0xffffffff
0xffffffff
0xffffffff
0xffffffff
0xffffffff
0xffffffff
0xffffffff
0xffffffff
0xffffffff
0xffffffff
0xffffffff
0xffffffff
0xffffffff
0xffffffff
0xffffffff
0xffffffff
0xffffffff
0xffffffff
0xffffffff
0xffffffff
0xffffffff
0xffffffff
0xffffffff
0xffffffff
0xffffffff
0xffffffff
0xffffffff
0xffffffff
0xffffffff
0xffffffff
0xffffffff
0xffffffff
0xffffffff
0xffffffff
0xffffffff
0xffffffff
0xffffffff
0xffffffff
0xffffffff
0xffffffff
0xffffffff
0xffffffff
0xffffffff
0xffffffff
0xffffffff
0xffffffff
0xffffffff
0xffffffff
0xffffffff
0xffffffff
0xffffffff
0xffffffff
0xffffffff
0xffffffff
0xffffffff
0xffffffff
0xffffffff
0xffffffff
0xffffffff
0xffffffff
0xffffffff
0xffffffff
0xffffffff
0xffffffff
0xffffffff
0xffffffff
0xffffffff
0xffffffff
0xffffffff
0xffffffff
0xffffffff
0xffffffff
0xffffffff
0xffffffff
0xffffffff
0xffffffff
0xffffffff
0xffffffff
0xffffffff
0xffffffff
0xffffffff
0xffffffff
0xffffffff
0xffffffff
0xffffffff
0xffffffff
0xffffffff
0xffffffff
0xffffffff
0xffffffff
0xffffffff
0xffffffff
0xffffffff
0xffffffff
0xffffffff
0xffffffff
0xffffffff
0xffffffff
0xffffffff
0xffffffff
0xffffffff
0xffffffff
0xffffffff
0xffffffff
0xffffffff
0xffffffff
0xffffffff
0xffffffff
0xffffffff
0xffffffff
0xffffffff
0xffffffff
0xffffffff
0xffffffff
0xffffffff
0xffffffff
0xffffffff
0xffffffff
0xffffffff
0xffffffff
0xffffffff
0xffffffff
0xffffffff
0xffffffff
0xffffffff
0xffffffff
0xffffffff
0xffffffff
0xffffffff
0xffffffff
0xffffffff
0xffffffff
0xffffffff
0xffffffff
0xffffffff
0xffffffff
0xffffffff
0xffffffff
0xffffffff
0xffffffff
0xffffffff
0xffffffff
0xffffffff
0xffffffff
0xffffffff
0xffffffff
0xffffffff
0xffffffff
0xffffffff
0xffffffff
0xffffffff
0xffffffff
0xffffffff
0xffffffff
0xffffffff
0xffffffff
0xffffffff
0xffffffff
0xffffffff
0xffffffff
0xffffffff
0xffffffff
0xffffffff
0xffffffff
0xffffffff
0xffffffff
0xffffffff
0xffffffff
0xffffffff
0xffffffff
0xffffffff
0xffffffff
0xffffffff
0xffffffff
0xffffffff
0xffffffff
0xffffffff
0xffffffff
0xffffffff
0xffffffff
0xffffffff
0xffffffff
0xffffffff
0xffffffff
0xffffffff
0xffffffff
0xffffffff
0xffffffff
0xffffffff
0xffffffff
0xffffffff
0xffffffff
0xffffffff
0xffffffff
0xffffffff
0xffffffff
0xffffffff
0xffffffff
0xffffffff
0xffffffff
0xffffffff
0xffffffff
0xffffffff
0xffffffff
0xffffffff
0xffffffff
0xffffffff
0xffffffff
0xffffffff
0xffffffff
0xffffffff
0xffffffff
0xffffffff
0xffffffff
0xffffffff
0xffffffff
0xffffffff
0xffffffff
0xffffffff
0xffffffff
0xffffffff
0xffffffff
0xffffffff
0xffffffff
0xffffffff
0xffffffff
0xffffffff
0xffffffff
0xffffffff
0xffffffff
0xffffffff
0xffffffff
0xffffffff
0xffffffff
0xffffffff
0xffffffff
0xffffffff
0xffffffff
0xffffffff
0xffffffff
0xffffffff
0xffffffff
0xffffffff
0xffffffff
0xffffffff
0xffffffff
0xffffffff
0xffffffff
0xffffffff
0xffffffff
0xffffffff
0xffffffff
0xffffffff
0xffffffff
0xffffffff
0xffffffff
0xffffffff
0xffffffff
0xffffffff
0xffffffff
0xffffffff
0xffffffff
0xffffffff
0xffffffff
0xffffffff
0xffffffff
0xffffffff
0xffffffff
0xffffffff
0xffffffff
0xffffffff
0xffffffff
0xffffffff
0xffffffff
0xffffffff
0xffffffff
0xffffffff
0xffffffff
0xffffffff
0xffffffff
0xffffffff
0xffffffff
0xffffffff
0xffffffff
0xffffffff
0xffffffff
0xffffffff
0xffffffff
0xffffffff
0xffffffff
0xffffffff
0xffffffff
0xffffffff
0xffffffff
0xffffffff
0xffffffff
0xffffffff
0xffffffff
0xffffffff
0xffffffff
0xffffffff
0xffffffff
0xffffffff
0xffffffff
0xffffffff
0xffffffff
0xffffffff
0xffffffff
0xffffffff
0xffffffff
0xffffffff
0xffffffff
0xffffffff
0xffffffff
0xffffffff
0xffffffff
0xffffffff
0xffffffff
0xffffffff
0xffffffff
0xffffffff
0xffffffff
0xffffffff
0xffffffff
0xffffffff
0xffffffff
0xffffffff
0xffffffff
0xffffffff
0xffffffff
0xffffffff
0xffffffff
0xffffffff
0xffffffff
0xffffffff
0xffffffff
0xffffffff
0xffffffff
0xffffffff
0xffffffff
0xffffffff
0xffffffff
0xffffffff
0xffffffff
0xffffffff
0xffffffff
0xffffffff
0xffffffff
0xffffffff
0xffffffff
0xffffffff
0xffffffff
0xffffffff
0xffffffff
0xffffffff
0xffffffff
0xffffffff
0xffffffff
0xffffffff
0xffffffff
0xffffffff
0xffffffff
0xffffffff
0xffffffff
0xffffffff
0xffffffff
0xffffffff
0xffffffff
0xffffffff
0xffffffff
0xffffffff
0xffffffff
0xffffffff
0xffffffff
0xffffffff
0xffffffff
0xffffffff
0xffffffff
0xffffffff
0xffffffff
0xffffffff
0xffffffff
0xffffffff
0xffffffff
0xffffffff
0xffffffff
0xffffffff
0xffffffff
0xffffffff
0xffffffff
0xffffffff
0xffffffff
0xffffffff
0xffffffff
0xffffffff
0xffffffff
0xffffffff
0xffffffff
0xffffffff
0xffffffff
0xffffffff
0xffffffff
0xffffffff
0xffffffff
0xffffffff
0xffffffff
0xffffffff
0xffffffff
0xffffffff
0xffffffff
0xffffffff
0xffffffff
0xffffffff
0xffffffff
0xffffffff
0xffffffff
0xffffffff
0xffffffff
0xffffffff
0xffffffff
0xffffffff
0xffffffff
0xffffffff
0xffffffff
0xffffffff
0xffffffff
0xffffffff
0xffffffff
0xffffffff
0xffffffff
0xffffffff
0xffffffff
0xffffffff
0xffffffff
0xffffffff
0xffffffff
0xffffffff
0xffffffff
0xffffffff
0xffffffff
0xffffffff
0xffffffff
0xffffffff
0xffffffff
0xffffffff
0xffffffff
0xffffffff
0xffffffff
0xffffffff
0xffffffff
0xffffffff
0xffffffff
0xffffffff
0xffffffff
0xffffffff
0xffffffff
0xffffffff
0xffffffff
0xffffffff
0xffffffff
0xffffffff
0xffffffff
0xffffffff
0xffffffff
0xffffffff
0xffffffff
0xffffffff
0xffffffff
0xffffffff
0xffffffff
0xffffffff
0xffffffff
0xffffffff
0xffffffff
0xffffffff
0xffffffff
0xffffffff
0xffffffff
0xffffffff
0xffffffff
0xffffffff
0xffffffff
0xffffffff
0xffffffff
0xffffffff
0xffffffff
0xffffffff
0xffffffff
0xffffffff
0xffffffff
0xffffffff
0xffffffff
0xffffffff
0xffffffff
0xffffffff
0xffffffff
0xffffffff
0xffffffff
0xffffffff
0xffffffff
0xffffffff
0xffffffff
0xffffffff
0xffffffff
0xffffffff
0xffffffff
0xffffffff
0xffffffff
0xffffffff
0xffffffff
0xffffffff
0xffffffff
0xffffffff
0xffffffff
0xffffffff
0xffffffff
0xffffffff
0xffffffff
0xffffffff
0xffffffff
0xffffffff
0xffffffff
0xffffffff
0xffffffff
0xffffffff
0xffffffff
0xffffffff
0xffffffff
0xffffffff
0xffffffff
0xffffffff
0xffffffff
0xffffffff
0xffffffff
0xffffffff
0xffffffff
0xffffffff
0xffffffff
0xffffffff
0xffffffff
0xffffffff
0xffffffff
0xffffffff
0xffffffff
0xffffffff
0xffffffff
0xffffffff
0xffffffff
0xffffffff
0xffffffff
0xffffffff
0xffffffff
0xffffffff
0xffffffff
0xffffffff
0xffffffff
0xffffffff
0xffffffff
0xffffffff
0xffffffff
0xffffffff
0xffffffff
0xffffffff
0xffffffff
0xffffffff
0xffffffff
0xffffffff
0xffffffff
0xffffffff
0xffffffff
0xffffffff
0xffffffff
0xffffffff
0xffffffff
0xffffffff
0xffffffff
0xffffffff
0xffffffff
0xffffffff
0xffffffff
0xffffffff
0xffffffff
0xffffffff
0xffffffff
0xffffffff
0xffffffff
0xffffffff
0xffffffff
0xffffffff
0xffffffff
0xffffffff
0xffffffff
0xffffffff
0xffffffff
0xffffffff
0xffffffff
0xffffffff
0xffffffff
0xffffffff
0xffffffff
0xffffffff
0xffffffff
0xffffffff
0xffffffff
0xffffffff
0xffffffff
0xffffffff
0xffffffff
0xffffffff
0xffffffff
0xffffffff
0xffffffff
0xffffffff
0xffffffff
0xffffffff
0xffffffff
0xffffffff
0xffffffff
0xffffffff
0xffffffff
0xffffffff
0xffffffff
0xffffffff
0xffffffff
0xffffffff
0xffffffff
0xffffffff
0xffffffff
0xffffffff
0xffffffff
0xffffffff
0xffffffff
0xffffffff
0xffffffff
0xffffffff
0xffffffff
0xffffffff
0xffffffff
0xffffffff
0xffffffff
0xffffffff
0xffffffff
0xffffffff
0xffffffff
0xffffffff
0xffffffff
0xffffffff
0xffffffff
0xffffffff
0xffffffff
0xffffffff
0xffffffff
0xffffffff
0xffffffff
0xffffffff
0xffffffff
0xffffffff
0xffffffff
0xffffffff
0xffffffff
0xffffffff
0xffffffff
0xffffffff
0xffffffff
0xffffffff
0xffffffff
0xffffffff
0xffffffff
0xffffffff
0xffffffff
0xffffffff
0xffffffff
0xffffffff
0xffffffff
0xffffffff
0xffffffff
0xffffffff
0xffffffff
0xffffffff
0xffffffff
0xffffffff
0xffffffff
0xffffffff
0xffffffff
0xffffffff
0xffffffff
0xffffffff
0xffffffff
0xffffffff
0xffffffff
0xffffffff
0xffffffff
0xffffffff
0xffffffff
0xffffffff
0xffffffff
0xffffffff
0xffffffff
0xffffffff
0xffffffff
0xffffffff
0xffffffff
0xffffffff
0xffffffff
0xffffffff
0xffffffff
0xffffffff
0xffffffff
0xffffffff
0xffffffff
0xffffffff
0xffffffff
0xffffffff
0xffffffff
0xffffffff
0xffffffff
0xffffffff
0xffffffff
0xffffffff
0xffffffff
0xffffffff
0xffffffff
0xffffffff
0xffffffff
0xffffffff
0xffffffff
0xffffffff
0xffffffff
0xffffffff
0xffffffff
0xffffffff
0xffffffff
0xffffffff
0xffffffff
0xffffffff
0xffffffff
0xffffffff
0xffffffff
0xffffffff
0xffffffff
0xffffffff
0xffffffff
0xffffffff
0xffffffff
0xffffffff
0xffffffff
0xffffffff
0xffffffff
0xffffffff
0xffffffff
0xffffffff
0xffffffff
0xffffffff
0xffffffff
0xffffffff
0xffffffff
0xffffffff
0xffffffff
0xffffffff
0xffffffff
0xffffffff
0xffffffff
0xffffffff
0xffffffff
0xffffffff
0xffffffff
0xffffffff
0xffffffff
0xffffffff
0xffffffff
0xffffffff
0xffffffff
0xffffffff
0xffffffff
0xffffffff
0xffffffff
0xffffffff
0xffffffff
0xffffffff
0xffffffff
0xffffffff
0xffffffff
0xffffffff
0xffffffff
0xffffffff
0xffffffff
0xffffffff
0xffffffff
0xffffffff
0xffffffff
0xffffffff
0xffffffff
0xffffffff
0xffffffff
0xffffffff
0xffffffff
0xffffffff
0xffffffff
0xffffffff
0xffffffff
0xffffffff
0xffffffff
0xffffffff
0xffffffff
0xffffffff
0xffffffff
0xffffffff
0xffffffff
0xffffffff
0xffffffff
0xffffffff
0xffffffff
0xffffffff
0xffffffff
0xffffffff
0xffffffff
0xffffffff
0xffffffff
0xffffffff
0xffffffff
0xffffffff
0xffffffff
0xffffffff
0xffffffff
0xffffffff
0xffffffff
0xffffffff
0xffffffff
0xffffffff
0xffffffff
0xffffffff
0xffffffff
0xffffffff
0xffffffff
0xffffffff
0xffffffff
0xffffffff
0xffffffff
0xffffffff
0xffffffff
0xffffffff
0xffffffff
0xffffffff
0xffffffff
0xffffffff
0xffffffff
0xffffffff
0xffffffff
0xffffffff
0xffffffff
0xffffffff
0xffffffff
0xffffffff
0xffffffff
0xffffffff
0xffffffff
0xffffffff
0xffffffff
0xffffffff
0xffffffff
0xffffffff
0xffffffff
0xffffffff
0xffffffff
0xffffffff
0xffffffff
0xffffffff
0xffffffff
0xffffffff
0xffffffff
0xffffffff
0xffffffff
0xffffffff
0xffffffff
0xffffffff
0xffffffff
0xffffffff
0xffffffff
0xffffffff
0xffffffff
0xffffffff
0xffffffff
0xffffffff
0xffffffff
0xffffffff
0xffffffff
0xffffffff
0xffffffff
0xffffffff
0xffffffff
0xffffffff
0xffffffff
0xffffffff
0xffffffff
0xffffffff
0xffffffff
0xffffffff
0xffffffff
0xffffffff
0xffffffff
0xffffffff
0xffffffff
0xffffffff
0xffffffff
0xffffffff
0xffffffff
0xffffffff
0xffffffff
0xffffffff
0xffffffff
0xffffffff
0xffffffff
0xffffffff
0xffffffff
0xffffffff
0xffffffff
0xffffffff
0xffffffff
0xffffffff
0xffffffff
0xffffffff
0xffffffff
0xffffffff
0xffffffff
0xffffffff
0xffffffff
0xffffffff
0xffffffff
0xffffffff
0xffffffff
0xffffffff
0xffffffff
0xffffffff
0xffffffff
0xffffffff
0xffffffff
0xffffffff
0xffffffff
0xffffffff
0xffffffff
0xffffffff
0xffffffff
0xffffffff
0xffffffff
0xffffffff
0xffffffff
0xffffffff
0xffffffff
0xffffffff
0xffffffff
0xffffffff
0xffffffff
0xffffffff
0xffffffff
0xffffffff
0xffffffff
0xffffffff
0xffffffff
0xffffffff
0xffffffff
0xffffffff
0xffffffff
0xffffffff
0xffffffff
0xffffffff
0xffffffff
0xffffffff
0xffffffff
0xffffffff
0xffffffff
0xffffffff
0xffffffff
0xffffffff
0xffffffff
0xffffffff
0xffffffff
0xffffffff
0xffffffff
0xffffffff
0xffffffff
0xffffffff
0xffffffff
0xffffffff
0xffffffff
0xffffffff
0xffffffff
0xffffffff
0xffffffff
0xffffffff
0xffffffff
0xffffffff
0xffffffff
0xffffffff
0xffffffff
0xffffffff
0xffffffff
0xffffffff
0xffffffff
0xffffffff
0xffffffff
0xffffffff
0xffffffff
0xffffffff
0xffffffff
0xffffffff
0xffffffff
0xffffffff
0xffffffff
0xffffffff
0xffffffff
0xffffffff
0xffffffff
0xffffffff
0xffffffff
0xffffffff
0xffffffff
0xffffffff
0xffffffff
0xffffffff
0xffffffff
0xffffffff
0xffffffff
0xffffffff
0xffffffff
0xffffffff
0xffffffff
0xffffffff
0xffffffff
0xffffffff
0xffffffff
0xffffffff
0xffffffff
0xffffffff
0xffffffff
0xffffffff
0xffffffff
0xffffffff
0xffffffff
0xffffffff
0xffffffff
0xffffffff
0xffffffff
0xffffffff
0xffffffff
0xffffffff
0xffffffff
0xffffffff
0xffffffff
0xffffffff
0xffffffff
0xffffffff
0xffffffff
0xffffffff
0xffffffff
0xffffffff
0xffffffff
0xffffffff
0xffffffff
0xffffffff
0xffffffff
0xffffffff
0xffffffff
0xffffffff
0xffffffff
0xffffffff
0xffffffff
0xffffffff
0xffffffff
0xffffffff
0xffffffff
0xffffffff
0xffffffff
0xffffffff
0xffffffff
0xffffffff
0xffffffff
0xffffffff
0xffffffff
0xffffffff
0xffffffff
0xffffffff
0xffffffff
0xffffffff
0xffffffff
0xffffffff
0xffffffff
0xffffffff
0xffffffff
0xffffffff
0xffffffff
0xffffffff
0xffffffff
0xffffffff
0xffffffff
0xffffffff
0xffffffff
0xffffffff
0xffffffff
0xffffffff
0xffffffff
0xffffffff
0xffffffff
0xffffffff
0xffffffff
0xffffffff
0xffffffff
0xffffffff
0xffffffff
0xffffffff
0xffffffff
0xffffffff
0xffffffff
0xffffffff
0xffffffff
0xffffffff
0xffffffff
0xffffffff
0xffffffff
0xffffffff
0xffffffff
0xffffffff
0xffffffff
0xffffffff
0xffffffff
0xffffffff
0xffffffff
0xffffffff
0xffffffff
0xffffffff
0xffffffff
0xffffffff
0xffffffff
0xffffffff
0xffffffff
0xffffffff
0xffffffff
0xffffffff
0xffffffff
0xffffffff
0xffffffff
0xffffffff
0xffffffff
0xffffffff
0xffffffff
0xffffffff
0xffffffff
0xffffffff
0xffffffff
0xffffffff
0xffffffff
0xffffffff
0xffffffff
0xffffffff
0xffffffff
0xffffffff
0xffffffff
0xffffffff
0xffffffff
0xffffffff
0xffffffff
0xffffffff
0xffffffff
0xffffffff
0xffffffff
0xffffffff
0xffffffff
0xffffffff
0xffffffff
0xffffffff
0xffffffff
0xffffffff
0xffffffff
0xffffffff
0xffffffff
0xffffffff
0xffffffff
0xffffffff
0xffffffff
0xffffffff
0xffffffff
0xffffffff
0xffffffff
0xffffffff
0xffffffff
0xffffffff
0xffffffff
0xffffffff
0xffffffff
0xffffffff
0xffffffff
0xffffffff
0xffffffff
0xffffffff
0xffffffff
0xffffffff
0xffffffff
0xffffffff
0xffffffff
0xffffffff
0xffffffff
0xffffffff
0xffffffff
0xffffffff
0xffffffff
0xffffffff
0xffffffff
0xffffffff
0xffffffff
0xffffffff
0xffffffff
0xffffffff
0xffffffff
0xffffffff
0xffffffff
0xffffffff
0xffffffff
0xffffffff
0xffffffff
0xffffffff
0xffffffff
0xffffffff
0xffffffff
0xffffffff
0xffffffff
0xffffffff
0xffffffff
0xffffffff
0xffffffff
0xffffffff
0xffffffff
0xffffffff
0xffffffff
0xffffffff
0xffffffff
0xffffffff
0xffffffff
0xffffffff
0xffffffff
0xffffffff
0xffffffff
0xffffffff
0xffffffff
0xffffffff
0xffffffff
0xffffffff
0xffffffff
0xffffffff
0xffffffff
0xffffffff
0xffffffff
0xffffffff
0xffffffff
0xffffffff
0xffffffff
0xffffffff
0xffffffff
0xffffffff
0xffffffff
0xffffffff
0xffffffff
0xffffffff
0xffffffff
0xffffffff
0xffffffff
0xffffffff
0xffffffff
0xffffffff
0xffffffff
0xffffffff
0xffffffff
0xffffffff
0xffffffff
0xffffffff
0xffffffff
0xffffffff
0xffffffff
0xffffffff
0xffffffff
0xffffffff
0xffffffff
0xffffffff
0xffffffff
0xffffffff
0xffffffff
0xffffffff
0xffffffff
0xffffffff
0xffffffff
0xffffffff
0xffffffff
0xffffffff
0xffffffff
0xffffffff
0xffffffff
0xffffffff
0xffffffff
0xffffffff
0xffffffff
0xffffffff
0xffffffff
0xffffffff
0xffffffff
0xffffffff
0xffffffff
0xffffffff
0xffffffff
0xffffffff
0xffffffff
0xffffffff
0xffffffff
0xffffffff
0xffffffff
0xffffffff
0xffffffff
0xffffffff
0xffffffff
0xffffffff
0xffffffff
0xffffffff
0xffffffff
0xffffffff
0xffffffff
0xffffffff
0xffffffff
0xffffffff
0xffffffff
0xffffffff
0xffffffff
0xffffffff
0xffffffff
0xffffffff
0xffffffff
0xffffffff
0xffffffff
0xffffffff
0xffffffff
0xffffffff
0xffffffff
0xffffffff
0xffffffff
0xffffffff
0xffffffff
0xffffffff
0xffffffff
0xffffffff
0xffffffff
0xffffffff
0xffffffff
0xffffffff
0xffffffff
0xffffffff
0xffffffff
0xffffffff
0xffffffff
0xffffffff
0xffffffff
0xffffffff
0xffffffff
0xffffffff
0xffffffff
0xffffffff
0xffffffff
0xffffffff
0xffffffff
0xffffffff
0xffffffff
0xffffffff
0xffffffff
0xffffffff
0xffffffff
0xffffffff
0xffffffff
0xffffffff
0xffffffff
0xffffffff
0xffffffff
0xffffffff
0xffffffff
0xffffffff
0xffffffff
0xffffffff
0xffffffff
0xffffffff
0xffffffff
0xffffffff
0xffffffff
0xffffffff
0xffffffff
0xffffffff
0xffffffff
0xffffffff
0xffffffff
0xffffffff
0xffffffff
0xffffffff
0xffffffff
0xffffffff
0xffffffff
0xffffffff
0xffffffff
0xffffffff
0xffffffff
0xffffffff
0xffffffff
0xffffffff
0xffffffff
0xffffffff
0xffffffff
0xffffffff
0xffffffff
0xffffffff
0xffffffff
0xffffffff
0xffffffff
0xffffffff
0xffffffff
0xffffffff
0xffffffff
0xffffffff
0xffffffff
0xffffffff
0xffffffff
0xffffffff
0xffffffff
0xffffffff
0xffffffff
0xffffffff
0xffffffff
0xffffffff
0xffffffff
0xffffffff
0xffffffff
0xffffffff
0xffffffff
0xffffffff
0xffffffff
0xffffffff
0xffffffff
0xffffffff
0xffffffff
0xffffffff
0xffffffff
0xffffffff
0xffffffff
0xffffffff
0xffffffff
0xffffffff
0xffffffff
0xffffffff
0xffffffff
0xffffffff
0xffffffff
0xffffffff
0xffffffff
0xffffffff
0xffffffff
0xffffffff
0xffffffff
0xffffffff
0xffffffff
0xffffffff
0xffffffff
0xffffffff
0xffffffff
0xffffffff
0xffffffff
0xffffffff
0xffffffff
0xffffffff
0xffffffff
0xffffffff
0xffffffff
0xffffffff
0xffffffff
0xffffffff
0xffffffff
0xffffffff
0xffffffff
0xffffffff
0xffffffff
0xffffffff
0xffffffff
0xffffffff
0xffffffff
0xffffffff
0xffffffff
0xffffffff
0xffffffff
0xffffffff
0xffffffff
0xffffffff
0xffffffff
0xffffffff
0xffffffff
0xffffffff
0xffffffff
0xffffffff
0xffffffff
0xffffffff
0xffffffff
0xffffffff
0xffffffff
0xffffffff
0xffffffff
0xffffffff
0xffffffff
0xffffffff
0xffffffff
0xffffffff
0xffffffff
0xffffffff
0xffffffff
0xffffffff
0xffffffff
0xffffffff
0xffffffff
0xffffffff
0xffffffff
0xffffffff
0xffffffff
0xffffffff
0xffffffff
0xffffffff
0xffffffff
0xffffffff
0xffffffff
0xffffffff
0xffffffff
0xffffffff
0xffffffff
0xffffffff
0xffffffff
0xffffffff
0xffffffff
0xffffffff
0xffffffff
0xffffffff
0xffffffff
0xffffffff
0xffffffff
0xffffffff
0xffffffff
0xffffffff
0xffffffff
0xffffffff
0xffffffff
0xffffffff
0xffffffff
0xffffffff
0xffffffff
0xffffffff
0xffffffff
0xffffffff
0xffffffff
0xffffffff
0xffffffff
0xffffffff
0xffffffff
0xffffffff
0xffffffff
0xffffffff
0xffffffff
0xffffffff
0xffffffff
0xffffffff
0xffffffff
0xffffffff
0xffffffff
0xffffffff
0xffffffff
0xffffffff
0xffffffff
0xffffffff
0xffffffff
0xffffffff
0xffffffff
0xffffffff
0xffffffff
0xffffffff
0xffffffff
0xffffffff
0xffffffff
0xffffffff
0xffffffff
0xffffffff
0xffffffff
0xffffffff
0xffffffff
0xffffffff
0xffffffff
0xffffffff
0xffffffff
0xffffffff
0xffffffff
0xffffffff
0xffffffff
0xffffffff
0xffffffff
0xffffffff
0xffffffff
0xffffffff
0xffffffff
0xffffffff
0xffffffff
0xffffffff
0xffffffff
0xffffffff
0xffffffff
0xffffffff
0xffffffff
0xffffffff
0xffffffff
0xffffffff
0xffffffff
0xffffffff
0xffffffff
0xffffffff
0xffffffff
0xffffffff
0xffffffff
0xffffffff
0xffffffff
0xffffffff
0xffffffff
0xffffffff
0xffffffff
0xffffffff
0xffffffff
0xffffffff
0xffffffff
0xffffffff
0xffffffff
0xffffffff
0xffffffff
0xffffffff
0xffffffff
0xffffffff
0xffffffff
0xffffffff
0xffffffff
0xffffffff
0xffffffff
0xffffffff
0xffffffff
0xffffffff
0xffffffff
0xffffffff
0xffffffff
0xffffffff
0xffffffff
0xffffffff
0xffffffff
0xffffffff
0xffffffff
0xffffffff
0xffffffff
0xffffffff
0xffffffff
0xffffffff
0xffffffff
0xffffffff
0xffffffff
0xffffffff
0xffffffff
0xffffffff
0xffffffff
0xffffffff
0xffffffff
0xffffffff
0xffffffff
0xffffffff
0xffffffff
0xffffffff
0xffffffff
0xffffffff
0xffffffff
0xffffffff
0xffffffff
0xffffffff
0xffffffff
0xffffffff
0xffffffff
0xffffffff
0xffffffff
0xffffffff
0xffffffff
0xffffffff
0xffffffff
0xffffffff
0xffffffff
0xffffffff
0xffffffff
0xffffffff
0xffffffff
0xffffffff
0xffffffff
0xffffffff
0xffffffff
0xffffffff
0xffffffff
0xffffffff
0xffffffff
0xffffffff
0xffffffff
0xffffffff
0xffffffff
0xffffffff
0xffffffff
0xffffffff
0xffffffff
0xffffffff
0xffffffff
0xffffffff
0xffffffff
0xffffffff
0xffffffff
0xffffffff
0xffffffff
0xffffffff
0xffffffff
0xffffffff
0xffffffff
0xffffffff
0xffffffff
0xffffffff
0xffffffff
0xffffffff
0xffffffff
0xffffffff
0xffffffff
0xffffffff
0xffffffff
0xffffffff
0xffffffff
0xffffffff
0xffffffff
0xffffffff
0xffffffff
0xffffffff
0xffffffff
0xffffffff
0xffffffff
0xffffffff
0xffffffff
0xffffffff
0xffffffff
0xffffffff
0xffffffff
0xffffffff
0xffffffff
0xffffffff
0xffffffff
0xffffffff
0xffffffff
0xffffffff
0xffffffff
0xffffffff
0xffffffff
0xffffffff
0xffffffff
0xffffffff
0xffffffff
0xffffffff
0xffffffff
0xffffffff
0xffffffff
0xffffffff
0xffffffff
0xffffffff
0xffffffff
0xffffffff
0xffffffff
0xffffffff
0xffffffff
0xffffffff
0xffffffff
0xffffffff
0xffffffff
0xffffffff
0xffffffff
0xffffffff
0xffffffff
0xffffffff
0xffffffff
0xffffffff
0xffffffff
0xffffffff
0xffffffff
0xffffffff
0xffffffff
0xffffffff
0xffffffff
0xffffffff
0xffffffff
0xffffffff
0xffffffff
0xffffffff
0xffffffff
0xffffffff
0xffffffff
0xffffffff
0xffffffff
0xffffffff
0xffffffff
0xffffffff
0xffffffff
0xffffffff
0xffffffff
0xffffffff
0xffffffff
0xffffffff
0xffffffff
0xffffffff
0xffffffff
0xffffffff
0xffffffff
0xffffffff
0xffffffff
0xffffffff
0xffffffff
0xffffffff
0xffffffff
0xffffffff
0xffffffff
0xffffffff
0xffffffff
0xffffffff
0xffffffff
0xffffffff
0xffffffff
0xffffffff
0xffffffff
0xffffffff
0xffffffff
0xffffffff
0xffffffff
0xffffffff
0xffffffff
0xffffffff
0xffffffff
0xffffffff
0xffffffff
0xffffffff
0xffffffff
0xffffffff
0xffffffff
0xffffffff
0xffffffff
0xffffffff
0xffffffff
0xffffffff
0xffffffff
0xffffffff
0xffffffff
0xffffffff
0xffffffff
0xffffffff
0xffffffff
0xffffffff
0xffffffff
0xffffffff
0xffffffff
0xffffffff
0xffffffff
0xffffffff
0xffffffff
0xffffffff
0xffffffff
0xffffffff
0xffffffff
0xffffffff
0xffffffff
0xffffffff
0xffffffff
0xffffffff
0xffffffff
0xffffffff
0xffffffff
0xffffffff
0xffffffff
0xffffffff
0xffffffff
0xffffffff
0xffffffff
0xffffffff
0xffffffff
0xffffffff
0xffffffff
0xffffffff
0xffffffff
0xffffffff
0xffffffff
0xffffffff
0xffffffff
0xffffffff
0xffffffff
0xffffffff
0xffffffff
0xffffffff
0xffffffff
0xffffffff
0xffffffff
0xffffffff
0xffffffff
0xffffffff
0xffffffff
0xffffffff
0xffffffff
0xffffffff
0xffffffff
0xffffffff
0xffffffff
0xffffffff
0xffffffff
0xffffffff
0xffffffff
0xffffffff
0xffffffff
0xffffffff
0xffffffff
0xffffffff
0xffffffff
0xffffffff
0xffffffff
0xffffffff
0xffffffff
0xffffffff
0xffffffff
0xffffffff
0xffffffff
0xffffffff
0xffffffff
0xffffffff
0xffffffff
0xffffffff
0xffffffff
0xffffffff
0xffffffff
0xffffffff
0xffffffff
0xffffffff
0xffffffff
0xffffffff
0xffffffff
0xffffffff
0xffffffff
0xffffffff
0xffffffff
0xffffffff
0xffffffff
0xffffffff
0xffffffff
0xffffffff
0xffffffff
0xffffffff
0xffffffff
0xffffffff
0xffffffff
0xffffffff
0xffffffff
0xffffffff
0xffffffff
0xffffffff
0xffffffff
0xffffffff
0xffffffff
0xffffffff
0xffffffff
0xffffffff
0xffffffff
0xffffffff
0xffffffff
0xffffffff
0xffffffff
0xffffffff
0xffffffff
0xffffffff
0xffffffff
0xffffffff
0xffffffff
0xffffffff
0xffffffff
0xffffffff
0xffffffff
0xffffffff
0xffffffff
0xffffffff
0xffffffff
0xffffffff
0xffffffff
0xffffffff
0xffffffff
0xffffffff
0xffffffff
0xffffffff
0xffffffff
0xffffffff
0xffffffff
0xffffffff
0xffffffff
0xffffffff
0xffffffff
0xffffffff
0xffffffff
0xffffffff
0xffffffff
0xffffffff
0xffffffff
0xffffffff
0xffffffff
0xffffffff
0xffffffff
0xffffffff
0xffffffff
0xffffffff
0xffffffff
0xffffffff
0xffffffff
0xffffffff
0xffffffff
0xffffffff
0xffffffff
0xffffffff
0xffffffff
0xffffffff
0xffffffff
0xffffffff
0xffffffff
0xffffffff
0xffffffff
0xffffffff
0xffffffff
0xffffffff
0xffffffff
0xffffffff
0xffffffff
0xffffffff
0xffffffff
0xffffffff
0xffffffff
0xffffffff
0xffffffff
0xffffffff
0xffffffff
0xffffffff
0xffffffff
0xffffffff
0xffffffff
0xffffffff
0xffffffff
0xffffffff
0xffffffff
0xffffffff
0xffffffff
0xffffffff
0xffffffff
0xffffffff
0xffffffff
0xffffffff
0xffffffff
0xffffffff
0xffffffff
0xffffffff
0xffffffff
0xffffffff
0xffffffff
0xffffffff
0xffffffff
0xffffffff
0xffffffff
0xffffffff
0xffffffff
0xffffffff
0xffffffff
0xffffffff
0xffffffff
0xffffffff
0xffffffff
0xffffffff
0xffffffff
0xffffffff
0xffffffff
0xffffffff
0xffffffff
0xffffffff
0xffffffff
0xffffffff
0xffffffff
0xffffffff
0xffffffff
0xffffffff
0xffffffff
0xffffffff
0xffffffff
0xffffffff
0xffffffff
0xffffffff
0xffffffff
0xffffffff
0xffffffff
0xffffffff
0xffffffff
0xffffffff
0xffffffff
0xffffffff
0xffffffff
0xffffffff
0xffffffff
0xffffffff
0xffffffff
0xffffffff
0xffffffff
0xffffffff
0xffffffff
0xffffffff
0xffffffff
0xffffffff
0xffffffff
0xffffffff
0xffffffff
0xffffffff
0xffffffff
0xffffffff
0xffffffff
0xffffffff
0xffffffff
0xffffffff
0xffffffff
0xffffffff
0xffffffff
0xffffffff
0xffffffff
0xffffffff
0xffffffff
0xffffffff
0xffffffff
0xffffffff
0xffffffff
0xffffffff
0xffffffff
0xffffffff
0xffffffff
0xffffffff
0xffffffff
0xffffffff
0xffffffff
0xffffffff
0xffffffff
0xffffffff
0xffffffff
0xffffffff
0xffffffff
0xffffffff
0xffffffff
0xffffffff
0xffffffff
0xffffffff
0xffffffff
0xffffffff
0xffffffff
0xffffffff
0xffffffff
0xffffffff
0xffffffff
0xffffffff
0xffffffff
0xffffffff
0xffffffff
0xffffffff
0xffffffff
0xffffffff
0xffffffff
0xffffffff
0xffffffff
0xffffffff
0xffffffff
0xffffffff
0xffffffff
0xffffffff
0xffffffff
0xffffffff
0xffffffff
0xffffffff
0xffffffff
0xffffffff
0xffffffff
0xffffffff
0xffffffff
0xffffffff
0xffffffff
0xffffffff
0xffffffff
0xffffffff
0xffffffff
0xffffffff
0xffffffff
0xffffffff
0xffffffff
0xffffffff
0xffffffff
0xffffffff
0xffffffff
0xffffffff
0xffffffff
0xffffffff
0xffffffff
0xffffffff
0xffffffff
0xffffffff
0xffffffff
0xffffffff
0xffffffff
0xffffffff
0xffffffff
0xffffffff
0xffffffff
0xffffffff
0xffffffff
0xffffffff
0xffffffff
0xffffffff
0xffffffff
0xffffffff
0xffffffff
0xffffffff
0xffffffff
0xffffffff
0xffffffff
0xffffffff
0xffffffff
0xffffffff
0xffffffff
0xffffffff
0xffffffff
0xffffffff
0xffffffff
0xffffffff
0xffffffff
0xffffffff
0xffffffff
0xffffffff
0xffffffff
0xffffffff
0xffffffff
0xffffffff
0xffffffff
0xffffffff
0xffffffff
0xffffffff
0xffffffff
0xffffffff
0xffffffff
0xffffffff
0xffffffff
0xffffffff
0xffffffff
0xffffffff
0xffffffff
0xffffffff
0xffffffff
0xffffffff
0xffffffff
0xffffffff
0xffffffff
0xffffffff
0xffffffff
0xffffffff
0xffffffff
0xffffffff
0xffffffff
0xffffffff
0xffffffff
0xffffffff
0xffffffff
0xffffffff
0xffffffff
0xffffffff
0xffffffff
0xffffffff
0xffffffff
0xffffffff
0xffffffff
0xffffffff
0xffffffff
0xffffffff
0xffffffff
0xffffffff
0xffffffff
0xffffffff
0xffffffff
0xffffffff
0xffffffff
0xffffffff
0xffffffff
0xffffffff
0xffffffff
0xffffffff
0xffffffff
0xffffffff
0xffffffff
0xffffffff
0xffffffff
0xffffffff
0xffffffff
0xffffffff
0xffffffff
0xffffffff
0xffffffff
0xffffffff
0xffffffff
0xffffffff
0xffffffff
0xffffffff
0xffffffff
0xffffffff
0xffffffff
0xffffffff
0xffffffff
0xffffffff
0xffffffff
0xffffffff
0xffffffff
0xffffffff
0xffffffff
0xffffffff
0xffffffff
0xffffffff
0xffffffff
0xffffffff
0xffffffff
0xffffffff
0xffffffff
0xffffffff
0xffffffff
0xffffffff
0xffffffff
0xffffffff
0xffffffff
0xffffffff
0xffffffff
0xffffffff
0xffffffff
0xffffffff
0xffffffff
0xffffffff
0xffffffff
0xffffffff
0xffffffff
0xffffffff
0xffffffff
0xffffffff
0xffffffff
0xffffffff
0xffffffff
0xffffffff
0xffffffff
0xffffffff
0xffffffff
0xffffffff
0xffffffff
0xffffffff
0xffffffff
0xffffffff
0xffffffff
0xffffffff
0xffffffff
0xffffffff
0xffffffff
0xffffffff
0xffffffff
0xffffffff
0xffffffff
0xffffffff
0xffffffff
0xffffffff
0xffffffff
0xffffffff
0xffffffff
0xffffffff
0xffffffff
0xffffffff
0xffffffff
0xffffffff
0xffffffff
0xffffffff
0xffffffff
0xffffffff
0xffffffff
0xffffffff
0xffffffff
0xffffffff
0xffffffff
0xffffffff
0xffffffff
0xffffffff
0xffffffff
0xffffffff
0xffffffff
0xffffffff
0xffffffff
0xffffffff
0xffffffff
0xffffffff
0xffffffff
0xffffffff
0xffffffff
0xffffffff
0xffffffff
0xffffffff
0xffffffff
0xffffffff
0xffffffff
0xffffffff
0xffffffff
0xffffffff
0xffffffff
0xffffffff
0xffffffff
0xffffffff
0xffffffff
0xffffffff
0xffffffff
0xffffffff
0xffffffff
0xffffffff
0xffffffff
0xffffffff
0xffffffff
0xffffffff
0xffffffff
0xffffffff
0xffffffff
0xffffffff
0xffffffff
0xffffffff
0xffffffff
0xffffffff
0xffffffff
0xffffffff
0xffffffff
0xffffffff
0xffffffff
0xffffffff
0xffffffff
0xffffffff
0xffffffff
0xffffffff
0xffffffff
0xffffffff
0xffffffff
0xffffffff
0xffffffff
0xffffffff
0xffffffff
0xffffffff
0xffffffff
0xffffffff
0xffffffff
0xffffffff
0xffffffff
0xffffffff
0xffffffff
0xffffffff
0xffffffff
0xffffffff
0xffffffff
0xffffffff
0xffffffff
0xffffffff
0xffffffff
0xffffffff
0xffffffff
0xffffffff
0xffffffff
0xffffffff
0xffffffff
0xffffffff
0xffffffff
0xffffffff
0xffffffff
0xffffffff
0xffffffff
0xffffffff
0xffffffff
0xffffffff
0xffffffff
0xffffffff
0xffffffff
0xffffffff
0xffffffff
0xffffffff
0xffffffff
0xffffffff
0xffffffff
0xffffffff
0xffffffff
0xffffffff
0xffffffff
0xffffffff
0xffffffff
0xffffffff
0xffffffff
0xffffffff
0xffffffff
0xffffffff
0xffffffff
0xffffffff
0xffffffff
0xffffffff
0xffffffff
0xffffffff
0xffffffff
0xffffffff
0xffffffff
0xffffffff
0xffffffff
0xffffffff
0xffffffff
0xffffffff
0xffffffff
0xffffffff
0xffffffff
0xffffffff
0xffffffff
0xffffffff
0xffffffff
0xffffffff
0xffffffff
0xffffffff
0xffffffff
0xffffffff
0xffffffff
0xffffffff
0xffffffff
0xffffffff
0xffffffff
0xffffffff
0xffffffff
0xffffffff
0xffffffff
0xffffffff
0xffffffff
0xffffffff
0xffffffff
0xffffffff
0xffffffff
0xffffffff
0xffffffff
0xffffffff
0xffffffff
0xffffffff
0xffffffff
0xffffffff
0xffffffff
0xffffffff
0xffffffff
0xffffffff
0xffffffff
0xffffffff
0xffffffff
0xffffffff
0xffffffff
0xffffffff
0xffffffff
0xffffffff
0xffffffff
0xffffffff
0xffffffff
0xffffffff
0xffffffff
0xffffffff
0xffffffff
0xffffffff
0xffffffff
0xffffffff
0xffffffff
0xffffffff
0xffffffff
0xffffffff
0xffffffff
0xffffffff
0xffffffff
0xffffffff
0xffffffff
0xffffffff
0xffffffff
0xffffffff
0xffffffff
0xffffffff
0xffffffff
0xffffffff
0xffffffff
0xffffffff
0xffffffff
0xffffffff
0xffffffff
0xffffffff
0xffffffff
0xffffffff
0xffffffff
0xffffffff
0xffffffff
0xffffffff
0xffffffff
0xffffffff
0xffffffff
0xffffffff
0xffffffff
0xffffffff
0xffffffff
0xffffffff
0xffffffff
0xffffffff
0xffffffff
0xffffffff
0xffffffff
0xffffffff
0xffffffff
0xffffffff
0xffffffff
0xffffffff
0xffffffff
0xffffffff
0xffffffff
0xffffffff
0xffffffff
0xffffffff
0xffffffff
0xffffffff
0xffffffff
0xffffffff
0xffffffff
0xffffffff
0xffffffff
0xffffffff
0xffffffff
0xffffffff
0xffffffff
0xffffffff
0xffffffff
0xffffffff
0xffffffff
0xffffffff
0xffffffff
0xffffffff
0xffffffff
0xffffffff
0xffffffff
0xffffffff
0xffffffff
0xffffffff
0xffffffff
0xffffffff
0xffffffff
0xffffffff
0xffffffff
0xffffffff
0xffffffff
0xffffffff
0xffffffff
0xffffffff
0xffffffff
0xffffffff
0xffffffff
0xffffffff
0xffffffff
0xffffffff
0xffffffff
0xffffffff
0xffffffff
0xffffffff
0xffffffff
0xffffffff
0xffffffff
0xffffffff
0xffffffff
0xffffffff
0xffffffff
0xffffffff
0xffffffff
0xffffffff
0xffffffff
0xffffffff
0xffffffff
0xffffffff
0xffffffff
0xffffffff
0xffffffff
0xffffffff
0xffffffff
0xffffffff
0xffffffff
0xffffffff
0xffffffff
0xffffffff
0xffffffff
0xffffffff
0xffffffff
0xffffffff
0xffffffff
0xffffffff
0xffffffff
0xffffffff
0xffffffff
0xffffffff
0xffffffff
0xffffffff
0xffffffff
0xffffffff
0xffffffff
0xffffffff
0xffffffff
0xffffffff
0xffffffff
0xffffffff
0xffffffff
0xffffffff
0xffffffff
0xffffffff
0xffffffff
0xffffffff
0xffffffff
0xffffffff
0xffffffff
0xffffffff
0xffffffff
0xffffffff
0xffffffff
0xffffffff
0xffffffff
0xffffffff
0xffffffff
0xffffffff
0xffffffff
0xffffffff
0xffffffff
0xffffffff
0xffffffff
0xffffffff
0xffffffff
0xffffffff
0xffffffff
0xffffffff
0xffffffff
0xffffffff
0xffffffff
0xffffffff
0xffffffff
0xffffffff
0xffffffff
0xffffffff
0xffffffff
0xffffffff
0xffffffff
0xffffffff
0xffffffff
0xffffffff
0xffffffff
0xffffffff
0xffffffff
0xffffffff
0xffffffff
0xffffffff
0xffffffff
0xffffffff
0xffffffff
0xffffffff
0xffffffff
0xffffffff
0xffffffff
0xffffffff
0xffffffff
0xffffffff
0xffffffff
0xffffffff
0xffffffff
0xffffffff
0xffffffff
0xffffffff
0xffffffff
0xffffffff
0xffffffff
0xffffffff
0xffffffff
0xffffffff
0xffffffff
0xffffffff
0xffffffff
0xffffffff
0xffffffff
0xffffffff
0xffffffff
0xffffffff
0xffffffff
0xffffffff
0xffffffff
0xffffffff
0xffffffff
0xffffffff
0xffffffff
0xffffffff
0xffffffff
0xffffffff
0xffffffff
0xffffffff
0xffffffff
0xffffffff
0xffffffff
0xffffffff
0xffffffff
0xffffffff
0xffffffff
0xffffffff
0xffffffff
0xffffffff
0xffffffff
0xffffffff
0xffffffff
0xffffffff
0xffffffff
0xffffffff
0xffffffff
0xffffffff
0xffffffff
0xffffffff
0xffffffff
0xffffffff
0xffffffff
0xffffffff
0xffffffff
0xffffffff
0xffffffff
0xffffffff
0xffffffff
0xffffffff
0xffffffff
0xffffffff
0xffffffff
0xffffffff
0xffffffff
0xffffffff
0xffffffff
0xffffffff
0xffffffff
0xffffffff
0xffffffff
0xffffffff
0xffffffff
0xffffffff
0xffffffff
0xffffffff
0xffffffff
0xffffffff
0xffffffff
0xffffffff
0xffffffff
0xffffffff
0xffffffff
0xffffffff
0xffffffff
0xffffffff
0xffffffff
0xffffffff
0xffffffff
0xffffffff
0xffffffff
0xffffffff
0xffffffff
0xffffffff
0xffffffff
0xffffffff
0xffffffff
0xffffffff
0xffffffff
0xffffffff
0xffffffff
0xffffffff
0xffffffff
0xffffffff
0xffffffff
0xffffffff
0xffffffff
0xffffffff
0xffffffff
0xffffffff
0xffffffff
0xffffffff
0xffffffff
0xffffffff
0xffffffff
0xffffffff
0xffffffff
0xffffffff
0xffffffff
0xffffffff
0xffffffff
0xffffffff
0xffffffff
0xffffffff
0xffffffff
0xffffffff
0xffffffff
0xffffffff
0xffffffff
0xffffffff
0xffffffff
0xffffffff
0xffffffff
0xffffffff
0xffffffff
0xffffffff
0xffffffff
0xffffffff
0xffffffff
0xffffffff
0xffffffff
0xffffffff
0xffffffff
0xffffffff
0xffffffff
0xffffffff
0xffffffff
0xffffffff
0xffffffff
0xffffffff
0xffffffff
0xffffffff
0xffffffff
0xffffffff
0xffffffff
0xffffffff
0xffffffff
0xffffffff
0xffffffff
0xffffffff
0xffffffff
0xffffffff
0xffffffff
0xffffffff
0xffffffff
0xffffffff
0xffffffff
0xffffffff
0xffffffff
0xffffffff
0xffffffff
0xffffffff
0xffffffff
0xffffffff
0xffffffff
0xffffffff
0xffffffff
0xffffffff
0xffffffff
0xffffffff
0xffffffff
0xffffffff
0xffffffff
0xffffffff
0xffffffff
0xffffffff
0xffffffff
0xffffffff
0xffffffff
0xffffffff
0xffffffff
0xffffffff
0xffffffff
0xffffffff
0xffffffff
0xffffffff
0xffffffff
0xffffffff
0xffffffff
0xffffffff
0xffffffff
0xffffffff
0xffffffff
0xffffffff
0xffffffff
0xffffffff
0xffffffff
0xffffffff
0xffffffff
0xffffffff
0xffffffff
0xffffffff
0xffffffff
0xffffffff
0xffffffff
0xffffffff
0xffffffff
0xffffffff
0xffffffff
0xffffffff
0xffffffff
0xffffffff
0xffffffff
0xffffffff
0xffffffff
0xffffffff
0xffffffff
0xffffffff
0xffffffff
0xffffffff
0xffffffff
0xffffffff
0xffffffff
0xffffffff
0xffffffff
0xffffffff
0xffffffff
0xffffffff
0xffffffff
0xffffffff
0xffffffff
0xffffffff
0xffffffff
0xffffffff
0xffffffff
0xffffffff
0xffffffff
0xffffffff
0xffffffff
0xffffffff
0xffffffff
0xffffffff
0xffffffff
0xffffffff
0xffffffff
0xffffffff
0xffffffff
0xffffffff
0xffffffff
0xffffffff
0xffffffff
0xffffffff
0xffffffff
0xffffffff
0xffffffff
0xffffffff
0xffffffff
0xffffffff
0xffffffff
0xffffffff
0xffffffff
0xffffffff
0xffffffff
0xffffffff
0xffffffff
0xffffffff
0xffffffff
0xffffffff
0xffffffff
0xffffffff
0xffffffff
0xffffffff
0xffffffff
0xffffffff
0xffffffff
0xffffffff
0xffffffff
0xffffffff
0xffffffff
0xffffffff
0xffffffff
0xffffffff
0xffffffff
0xffffffff
0xffffffff
0xffffffff
0xffffffff
0xffffffff
0xffffffff
0xffffffff
0xffffffff
0xffffffff
0xffffffff
0xffffffff
0xffffffff
0xffffffff
0xffffffff
0xffffffff
0xffffffff
0xffffffff
0xffffffff
0xffffffff
0xffffffff
0xffffffff
0xffffffff
0xffffffff
0xffffffff
0xffffffff
0xffffffff
0xffffffff
0xffffffff
0xffffffff
0xffffffff
0xffffffff
0xffffffff
0xffffffff
0xffffffff
0xffffffff
0xffffffff
0xffffffff
0xffffffff
0xffffffff
0xffffffff
0xffffffff
0xffffffff
0xffffffff
0xffffffff
0xffffffff
0xffffffff
0xffffffff
0xffffffff
0xffffffff
0xffffffff
0xffffffff
0xffffffff
0xffffffff
0xffffffff
0xffffffff
0xffffffff
0xffffffff
0xffffffff
0xffffffff
0xffffffff
0xffffffff
0xffffffff
0xffffffff
0xffffffff
0xffffffff
0xffffffff
0xffffffff
0xffffffff
0xffffffff
0xffffffff
0xffffffff
0xffffffff
0xffffffff
0xffffffff
0xffffffff
0xffffffff
0xffffffff
0xffffffff
0xffffffff
0xffffffff
0xffffffff
0xffffffff
0xffffffff
0xffffffff
0xffffffff
0xffffffff
0xffffffff
0xffffffff
0xffffffff
0xffffffff
0xffffffff
0xffffffff
0xffffffff
0xffffffff
0xffffffff
0xffffffff
0xffffffff
0xffffffff
0xffffffff
0xffffffff
0xffffffff
0xffffffff
0xffffffff
0xffffffff
0xffffffff
0xffffffff
0xffffffff
0xffffffff
0xffffffff
0xffffffff
0xffffffff
0xffffffff
0xffffffff
0xffffffff
0xffffffff
0xffffffff
0xffffffff
0xffffffff
0xffffffff
0xffffffff
0xffffffff
0xffffffff
0xffffffff
0xffffffff
0xffffffff
0xffffffff
0xffffffff
0xffffffff
0xffffffff
0xffffffff
0xffffffff
0xffffffff
0xffffffff
0xffffffff
0xffffffff
0xffffffff
0xffffffff
0xffffffff
0xffffffff
0xffffffff
0xffffffff
0xffffffff
0xffffffff
0xffffffff
0xffffffff
0xffffffff
0xffffffff
0xffffffff
0xffffffff
0xffffffff
0xffffffff
0xffffffff
0xffffffff
0xffffffff
0xffffffff
0xffffffff
0xffffffff
0xffffffff
0xffffffff
0xffffffff
0xffffffff
0xffffffff
0xffffffff
0xffffffff
0xffffffff
0xffffffff
0xffffffff
0xffffffff
0xffffffff
0xffffffff
0xffffffff
0xffffffff
0xffffffff
0xffffffff
0xffffffff
0xffffffff
0xffffffff
0xffffffff
0xffffffff
0xffffffff
0xffffffff
0xffffffff
0xffffffff
0xffffffff
0xffffffff
0xffffffff
0xffffffff
0xffffffff
0xffffffff
0xffffffff
0xffffffff
0xffffffff
0xffffffff
0xffffffff
0xffffffff
0xffffffff
0xffffffff
0xffffffff
0xffffffff
0xffffffff
0xffffffff
0xffffffff
0xffffffff
0xffffffff
0xffffffff
0xffffffff
0xffffffff
0xffffffff
0xffffffff
0xffffffff
0xffffffff
0xffffffff
0xffffffff
0xffffffff
0xffffffff
0xffffffff
0xffffffff
0xffffffff
0xffffffff
0xffffffff
0xffffffff
0xffffffff
0xffffffff
0xffffffff
0xffffffff
0xffffffff
0xffffffff
0xffffffff
0xffffffff
0xffffffff
0xffffffff
0xffffffff
0xffffffff
0xffffffff
0xffffffff
0xffffffff
0xffffffff
0xffffffff
0xffffffff
0xffffffff
0xffffffff
0xffffffff
0xffffffff
0xffffffff
0xffffffff
0xffffffff
0xffffffff
0xffffffff
0xffffffff
0xffffffff
0xffffffff
0xffffffff
0xffffffff
0xffffffff
0xffffffff
0xffffffff
0xffffffff
0xffffffff
0xffffffff
0xffffffff
0xffffffff
0xffffffff
0xffffffff
0xffffffff
0xffffffff
0xffffffff
0xffffffff
0xffffffff
0xffffffff
0xffffffff
0xffffffff
0xffffffff
0xffffffff
0xffffffff
0xffffffff
0xffffffff
0xffffffff
0xffffffff
0xffffffff
0xffffffff
0xffffffff
0xffffffff
0xffffffff
0xffffffff
0xffffffff
0xffffffff
0xffffffff
0xffffffff
0xffffffff
0xffffffff
0xffffffff
0xffffffff
0xffffffff
0xffffffff
0xffffffff
0xffffffff
0xffffffff
0xffffffff
0xffffffff
0xffffffff
0xffffffff
0xffffffff
0xffffffff
0xffffffff
0xffffffff
0xffffffff
0xffffffff
0xffffffff
0xffffffff
0xffffffff
0xffffffff
0xffffffff
0xffffffff
0xffffffff
0xffffffff
0xffffffff
0xffffffff
0xffffffff
0xffffffff
0xffffffff
0xffffffff
0xffffffff
0xffffffff
0xffffffff
0xffffffff
0xffffffff
0xffffffff
0xffffffff
0xffffffff
0xffffffff
0xffffffff
0xffffffff
0xffffffff
0xffffffff
0xffffffff
0xffffffff
0xffffffff
0xffffffff
0xffffffff
0xffffffff
0xffffffff
0xffffffff
0xffffffff
0xffffffff
0xffffffff
0xffffffff
0xffffffff
0xffffffff
0xffffffff
0xffffffff
0xffffffff
0xffffffff
0xffffffff
0xffffffff
0xffffffff
0xffffffff
0xffffffff
0xffffffff
0xffffffff
0xffffffff
0xffffffff
0xffffffff
0xffffffff
0xffffffff
0xffffffff
0xffffffff
0xffffffff
0xffffffff
0xffffffff
0xffffffff
0xffffffff
0xffffffff
0xffffffff
0xffffffff
0xffffffff
0xffffffff
0xffffffff
0xffffffff
0xffffffff
0xffffffff
0xffffffff
0xffffffff
0xffffffff
0xffffffff
0xffffffff
0xffffffff
0xffffffff
0xffffffff
0xffffffff
0xffffffff
0xffffffff
0xffffffff
0xffffffff
0xffffffff
0xffffffff
0xffffffff
0xffffffff
0xffffffff
0xffffffff
0xffffffff
0xffffffff
0xffffffff
0xffffffff
0xffffffff
0xffffffff
0xffffffff
0xffffffff
0xffffffff
0xffffffff
0xffffffff
0xffffffff
0xffffffff
0xffffffff
0xffffffff
0xffffffff
0xffffffff
0xffffffff
0xffffffff
0xffffffff
0xffffffff
0xffffffff
0xffffffff
0xffffffff
0xffffffff
0xffffffff
0xffffffff
0xffffffff
0xffffffff
0xffffffff
0xffffffff
0xffffffff
0xffffffff
0xffffffff
0xffffffff
0xffffffff
0xffffffff
0xffffffff
0xffffffff
0xffffffff
0xffffffff
0xffffffff
0xffffffff
0xffffffff
0xffffffff
0xffffffff
0xffffffff
0xffffffff
0xffffffff
0xffffffff
0xffffffff
0xffffffff
0xffffffff
0xffffffff
0xffffffff
0xffffffff
0xffffffff
0xffffffff
0xffffffff
0xffffffff
0xffffffff
0xffffffff
0xffffffff
0xffffffff
0xffffffff
0xffffffff
0xffffffff
0xffffffff
0xffffffff
0xffffffff
0xffffffff
0xffffffff
0xffffffff
0xffffffff
0xffffffff
0xffffffff
0xffffffff
0xffffffff
0xffffffff
0xffffffff
0xffffffff
0xffffffff
0xffffffff
0xffffffff
0xffffffff
0xffffffff
0xffffffff
0xffffffff
0xffffffff
0xffffffff
0xffffffff
0xffffffff
0xffffffff
0xffffffff
0xffffffff
0xffffffff
0xffffffff
0xffffffff
0xffffffff
0xffffffff
0xffffffff
0xffffffff
0xffffffff
0xffffffff
0xffffffff
0xffffffff
0xffffffff
0xffffffff
0xffffffff
0xffffffff
0xffffffff
0xffffffff
0xffffffff
0xffffffff
0xffffffff
0xffffffff
0xffffffff
0xffffffff
0xffffffff
0xffffffff
0xffffffff
0xffffffff
0xffffffff
0xffffffff
0xffffffff
0xffffffff
0xffffffff
0xffffffff
0xffffffff
0xffffffff
0xffffffff
0xffffffff
0xffffffff
0xffffffff
0xffffffff
0xffffffff
0xffffffff
0xffffffff
0xffffffff
0xffffffff
0xffffffff
0xffffffff
0xffffffff
0xffffffff
0xffffffff
0xffffffff
0xffffffff
0xffffffff
0xffffffff
0xffffffff
0xffffffff
0xffffffff
0xffffffff
0xffffffff
0xffffffff
0xffffffff
0xffffffff
0xffffffff
0xffffffff
0xffffffff
0xffffffff
0xffffffff
0xffffffff
0xffffffff
0xffffffff
0xffffffff
0xffffffff
0xffffffff
0xffffffff
0xffffffff
0xffffffff
0xffffffff
0xffffffff
0xffffffff
0xffffffff
0xffffffff
0xffffffff
0xffffffff
0xffffffff
0xffffffff
0xffffffff
0xffffffff
0xffffffff
0xffffffff
0xffffffff
0xffffffff
0xffffffff
0xffffffff
0xffffffff
0xffffffff
0xffffffff
0xffffffff
0xffffffff
0xffffffff
0xffffffff
0xffffffff
0xffffffff
0xffffffff
0xffffffff
0xffffffff
0xffffffff
0xffffffff
0xffffffff
0xffffffff
0xffffffff
0xffffffff
0xffffffff
0xffffffff
0xffffffff
0xffffffff
0xffffffff
0xffffffff
0xffffffff
0xffffffff
0xffffffff
0xffffffff
0xffffffff
0xffffffff
0xffffffff
0xffffffff
0xffffffff
0xffffffff
0xffffffff
0xffffffff
0xffffffff
0xffffffff
0xffffffff
0xffffffff
0xffffffff
0xffffffff
0xffffffff
0xffffffff
0xffffffff
0xffffffff
0xffffffff
0xffffffff
0xffffffff
0xffffffff
0xffffffff
0xffffffff
0xffffffff
0xffffffff
0xffffffff
0xffffffff
0xffffffff
0xffffffff
0xffffffff
0xffffffff
0xffffffff
0xffffffff
0xffffffff
0xffffffff
0xffffffff
0xffffffff
0xffffffff
0xffffffff
0xffffffff
0xffffffff
0xffffffff
0xffffffff
0xffffffff
0xffffffff
0xffffffff
0xffffffff
0xffffffff
0xffffffff
0xffffffff
0xffffffff
0xffffffff
0xffffffff
0xffffffff
0xffffffff
0xffffffff
0xffffffff
0xffffffff
0xffffffff
0xffffffff
0xffffffff
0xffffffff
0xffffffff
0xffffffff
0xffffffff
0xffffffff
0xffffffff
0xffffffff
0xffffffff
0xffffffff
0xffffffff
0xffffffff
0xffffffff
0xffffffff
0xffffffff
0xffffffff
0xffffffff
0xffffffff
0xffffffff
0xffffffff
0xffffffff
0xffffffff
0xffffffff
0xffffffff
0xffffffff
0xffffffff
0xffffffff
0xffffffff
0xffffffff
0xffffffff
0xffffffff
0xffffffff
0xffffffff
0xffffffff
0xffffffff
0xffffffff
0xffffffff
0xffffffff
0xffffffff
0xffffffff
0xffffffff
0xffffffff
0xffffffff
0xffffffff
0xffffffff
0xffffffff
0xffffffff
0xffffffff
0xffffffff
0xffffffff
0xffffffff
0xffffffff
0xffffffff
0xffffffff
0xffffffff
0xffffffff
0xffffffff
0xffffffff
0xffffffff
0xffffffff
0xffffffff
0xffffffff
0xffffffff
0xffffffff
0xffffffff
0xffffffff
0xffffffff
0xffffffff
0xffffffff
0xffffffff
0xffffffff
0xffffffff
0xffffffff
0xffffffff
0xffffffff
0xffffffff
0xffffffff
0xffffffff
0xffffffff
0xffffffff
0xffffffff
0xffffffff
0xffffffff
0xffffffff
0xffffffff
0xffffffff
0xffffffff
0xffffffff
0xffffffff
0xffffffff
0xffffffff
0xffffffff
0xffffffff
0xffffffff
0xffffffff
0xffffffff
0xffffffff
0xffffffff
0xffffffff
0xffffffff
0xffffffff
0xffffffff
0xffffffff
0xffffffff
0xffffffff
0xffffffff
0xffffffff
0xffffffff
0xffffffff
0xffffffff
0xffffffff
0xffffffff
0xffffffff
0xffffffff
0xffffffff
0xffffffff
0xffffffff
0xffffffff
0xffffffff
0xffffffff
0xffffffff
0xffffffff
0xffffffff
0xffffffff
0xffffffff
0xffffffff
0xffffffff
0xffffffff
0xffffffff
0xffffffff
0xffffffff
0xffffffff
0xffffffff
0xffffffff
0xffffffff
0xffffffff
0xffffffff
0xffffffff
0xffffffff
0xffffffff
0xffffffff
0xffffffff
0xffffffff
0xffffffff
0xffffffff
0xffffffff
0xffffffff
0xffffffff
0xffffffff
0xffffffff
0xffffffff
0xffffffff
0xffffffff
0xffffffff
0xffffffff
0xffffffff
0xffffffff
0xffffffff
0xffffffff
0xffffffff
0xffffffff
0xffffffff
0xffffffff
0xffffffff
0xffffffff
0xffffffff
0xffffffff
0xffffffff
0xffffffff
0xffffffff
0xffffffff
0xffffffff
0xffffffff
0xffffffff
0xffffffff
0xffffffff
0xffffffff
0xffffffff
0xffffffff
0xffffffff
0xffffffff
0xffffffff
0xffffffff
0xffffffff
0xffffffff
0xffffffff
0xffffffff
0xffffffff
0xffffffff
0xffffffff
0xffffffff
0xffffffff
0xffffffff
0xffffffff
0xffffffff
0xffffffff
0xffffffff
0xffffffff
0xffffffff
0xffffffff
0xffffffff
0xffffffff
0xffffffff
0xffffffff
0xffffffff
0xffffffff
0xffffffff
0xffffffff
0xffffffff
0xffffffff
0xffffffff
0xffffffff
0xffffffff
0xffffffff
0xffffffff
0xffffffff
0xffffffff
0xffffffff
0xffffffff
0xffffffff
0xffffffff
0xffffffff
0xffffffff
0xffffffff
0xffffffff
0xffffffff
0xffffffff
0xffffffff
0xffffffff
0xffffffff
0xffffffff
0xffffffff
0xffffffff
0xffffffff
0xffffffff
0xffffffff
0xffffffff
0xffffffff
0xffffffff
0xffffffff
0xffffffff
0xffffffff
0xffffffff
0xffffffff
0xffffffff
0xffffffff
0xffffffff
0xffffffff
0xffffffff
0xffffffff
0xffffffff
0xffffffff
0xffffffff
0xffffffff
0xffffffff
0xffffffff
0xffffffff
0xffffffff
0xffffffff
0xffffffff
0xffffffff
0xffffffff
0xffffffff
0xffffffff
0xffffffff
0xffffffff
0xffffffff
0xffffffff
0xffffffff
0xffffffff
0xffffffff
0xffffffff
0xffffffff
0xffffffff
0xffffffff
0xffffffff
0xffffffff
0xffffffff
0xffffffff
0xffffffff
0xffffffff
0xffffffff
0xffffffff
0xffffffff
0xffffffff
0xffffffff
0xffffffff
0xffffffff
0xffffffff
0xffffffff
0xffffffff
0xffffffff
0xffffffff
0xffffffff
0xffffffff
0xffffffff
0xffffffff
0xffffffff
0xffffffff
0xffffffff
0xffffffff
0xffffffff
0xffffffff
0xffffffff
0xffffffff
0xffffffff
0xffffffff
0xffffffff
0xffffffff
0xffffffff
0xffffffff
0xffffffff
0xffffffff
0xffffffff
0xffffffff
0xffffffff
0xffffffff
0xffffffff
0xffffffff
0xffffffff
0xffffffff
0xffffffff
0xffffffff
0xffffffff
0xffffffff
0xffffffff
0xffffffff
0xffffffff
0xffffffff
0xffffffff
0xffffffff
0xffffffff
0xffffffff
0xffffffff
0xffffffff
0xffffffff
0xffffffff
0xffffffff
0xffffffff
0xffffffff
0xffffffff
0xffffffff
0xffffffff
0xffffffff
0xffffffff
0xffffffff
0xffffffff
0xffffffff
0xffffffff
0xffffffff
0xffffffff
0xffffffff
0xffffffff
0xffffffff
0xffffffff
0xffffffff
0xffffffff
0xffffffff
0xffffffff
0xffffffff
0xffffffff
0xffffffff
0xffffffff
0xffffffff
0xffffffff
0xffffffff
0xffffffff
0xffffffff
0xffffffff
0xffffffff
0xffffffff
0xffffffff
0xffffffff
0xffffffff
0xffffffff
0xffffffff
0xffffffff
0xffffffff
0xffffffff
0xffffffff
0xffffffff
0xffffffff
0xffffffff
0xffffffff
0xffffffff
0xffffffff
0xffffffff
0xffffffff
0xffffffff
0xffffffff
0xffffffff
0xffffffff
0xffffffff
0xffffffff
0xffffffff
0xffffffff
0xffffffff
0xffffffff
0xffffffff
0xffffffff
0xffffffff
0xffffffff
0xffffffff
0xffffffff
0xffffffff
0xffffffff
0xffffffff
0xffffffff
0xffffffff
0xffffffff
0xffffffff
0xffffffff
0xffffffff
0xffffffff
0xffffffff
0xffffffff
0xffffffff
0xffffffff
0xffffffff
0xffffffff
0xffffffff
0xffffffff
0xffffffff
0xffffffff
0xffffffff
0xffffffff
0xffffffff
0xffffffff
0xffffffff
0xffffffff
0xffffffff
0xffffffff
0xffffffff
0xffffffff
0xffffffff
0xffffffff
0xffffffff
0xffffffff
0xffffffff
0xffffffff
0xffffffff
0xffffffff
0xffffffff
0xffffffff
0xffffffff
0xffffffff
0xffffffff
0xffffffff
0xffffffff
0xffffffff
0xffffffff
0xffffffff
0xffffffff
0xffffffff
0xffffffff
0xffffffff
0xffffffff
0xffffffff
0xffffffff
0xffffffff
0xffffffff
0xffffffff
0xffffffff
0xffffffff
0xffffffff
0xffffffff
0xffffffff
0xffffffff
0xffffffff
0xffffffff
0xffffffff
0xffffffff
0xffffffff
0xffffffff
0xffffffff
0xffffffff
0xffffffff
0xffffffff
0xffffffff
0xffffffff
0xffffffff
0xffffffff
0xffffffff
0xffffffff
0xffffffff
0xffffffff
0xffffffff
0xffffffff
0xffffffff
0xffffffff
0xffffffff
0xffffffff
0xffffffff
0xffffffff
0xffffffff
0xffffffff
0xffffffff
0xffffffff
0xffffffff
0xffffffff
0xffffffff
0xffffffff
0xffffffff
0xffffffff
0xffffffff
0xffffffff
0xffffffff
0xffffffff
0xffffffff
0xffffffff
0xffffffff
0xffffffff
0xffffffff
0xffffffff
0xffffffff
0xffffffff
0xffffffff
0xffffffff
0xffffffff
0xffffffff
0xffffffff
0xffffffff
0xffffffff
0xffffffff
0xffffffff
0xffffffff
0xffffffff
0xffffffff
0xffffffff
0xffffffff
0xffffffff
0xffffffff
0xffffffff
0xffffffff
0xffffffff
0xffffffff
0xffffffff
0xffffffff
0xffffffff
0xffffffff
0xffffffff
0xffffffff
0xffffffff
0xffffffff
0xffffffff
0xffffffff
0xffffffff
0xffffffff
0xffffffff
0xffffffff
0xffffffff
0xffffffff
0xffffffff
0xffffffff
0xffffffff
0xffffffff
0xffffffff
0xffffffff
0xffffffff
0xffffffff
0xffffffff
0xffffffff
0xffffffff
0xffffffff
0xffffffff
0xffffffff
0xffffffff
0xffffffff
0xffffffff
0xffffffff
0xffffffff
0xffffffff
0xffffffff
0xffffffff
0xffffffff
0xffffffff
0xffffffff
0xffffffff
0xffffffff
0xffffffff
0xffffffff
0xffffffff
0xffffffff
0xffffffff
0xffffffff
0xffffffff
0xffffffff
0xffffffff
0xffffffff
0xffffffff
0xffffffff
0xffffffff
0xffffffff
0xffffffff
0xffffffff
0xffffffff
0xffffffff
0xffffffff
0xffffffff
0xffffffff
0xffffffff
0xffffffff
0xffffffff
0xffffffff
0xffffffff
0xffffffff
0xffffffff
0xffffffff
0xffffffff
0xffffffff
0xffffffff
0xffffffff
0xffffffff
0xffffffff
0xffffffff
0xffffffff
0xffffffff
0xffffffff
0xffffffff
0xffffffff
0xffffffff
0xffffffff
0xffffffff
0xffffffff
0xffffffff
0xffffffff
0xffffffff
0xffffffff
0xffffffff
0xffffffff
0xffffffff
0xffffffff
0xffffffff
0xffffffff
0xffffffff
0xffffffff
0xffffffff
0xffffffff
0xffffffff
0xffffffff
0xffffffff
0xffffffff
0xffffffff
0xffffffff
0xffffffff
0xffffffff
0xffffffff
0xffffffff
0xffffffff
0xffffffff
0xffffffff
0xffffffff
0xffffffff
0xffffffff
0xffffffff
0xffffffff
0xffffffff
0xffffffff
0xffffffff
0xffffffff
0xffffffff
0xffffffff
0xffffffff
0xffffffff
0xffffffff
0xffffffff
0xffffffff
0xffffffff
0xffffffff
0xffffffff
0xffffffff
0xffffffff
0xffffffff
0xffffffff
0xffffffff
0xffffffff
0xffffffff
0xffffffff
0xffffffff
0xffffffff
0xffffffff
0xffffffff
0xffffffff
0xffffffff
0xffffffff
0xffffffff
0xffffffff
0xffffffff
0xffffffff
0xffffffff
0xffffffff
0xffffffff
0xffffffff
0xffffffff
0xffffffff
0xffffffff
0xffffffff
0xffffffff
0xffffffff
0xffffffff
0xffffffff
0xffffffff
0xffffffff
0xffffffff
0xffffffff
0xffffffff
0xffffffff
0xffffffff
0xffffffff
0xffffffff
0xffffffff
0xffffffff
0xffffffff
0xffffffff
0xffffffff
0xffffffff
0xffffffff
0xffffffff
0xffffffff
0xffffffff
0xffffffff
0xffffffff
0xffffffff
0xffffffff
0xffffffff
0xffffffff
0xffffffff
0xffffffff
0xffffffff
0xffffffff
0xffffffff
0xffffffff
0xffffffff
0xffffffff
0xffffffff
0xffffffff
0xffffffff
0xffffffff
0xffffffff
0xffffffff
0xffffffff
0xffffffff
0xffffffff
0xffffffff
0xffffffff
0xffffffff
0xffffffff
0xffffffff
0xffffffff
0xffffffff
0xffffffff
0xffffffff
0xffffffff
0xffffffff
0xffffffff
0xffffffff
0xffffffff
0xffffffff
0xffffffff
0xffffffff
0xffffffff
0xffffffff
0xffffffff
0xffffffff
0xffffffff
0xffffffff
0xffffffff
0xffffffff
0xffffffff
0xffffffff
0xffffffff
0xffffffff
0xffffffff
0xffffffff
0xffffffff
0xffffffff
0xffffffff
0xffffffff
0xffffffff
0xffffffff
0xffffffff
0xffffffff
0xffffffff
0xffffffff
0xffffffff
0xffffffff
0xffffffff
0xffffffff
0xffffffff
0xffffffff
0xffffffff
0xffffffff
0xffffffff
0xffffffff
0xffffffff
0xffffffff
0xffffffff
0xffffffff
0xffffffff
0xffffffff
0xffffffff
0xffffffff
0xffffffff
0xffffffff
0xffffffff
0xffffffff
0xffffffff
0xffffffff
0xffffffff
0xffffffff
0xffffffff
0xffffffff
0xffffffff
0xffffffff
0xffffffff
0xffffffff
0xffffffff
0xffffffff
0xffffffff
0xffffffff
0xffffffff
0xffffffff
0xffffffff
0xffffffff
0xffffffff
0xffffffff
0xffffffff
0xffffffff
0xffffffff
0xffffffff
0xffffffff
0xffffffff
0xffffffff
0xffffffff
0xffffffff
0xffffffff
0xffffffff
0xffffffff
0xffffffff
0xffffffff
0xffffffff
0xffffffff
0xffffffff
0xffffffff
0xffffffff
0xffffffff
0xffffffff
0xffffffff
0xffffffff
0xffffffff
0xffffffff
0xffffffff
0xffffffff
0xffffffff
0xffffffff
0xffffffff
0xffffffff
0xffffffff
0xffffffff
0xffffffff
0xffffffff
0xffffffff
0xffffffff
0xffffffff
0xffffffff
0xffffffff
0xffffffff
0xffffffff
0xffffffff
0xffffffff
0xffffffff
0xffffffff
0xffffffff
0xffffffff
0xffffffff
0xffffffff
0xffffffff
0xffffffff
0xffffffff
0xffffffff
0xffffffff
0xffffffff
0xffffffff
0xffffffff
0xffffffff
0xffffffff
0xffffffff
0xffffffff
0xffffffff
0xffffffff
0xffffffff
0xffffffff
0xffffffff
0xffffffff
0xffffffff
0xffffffff
0xffffffff
0xffffffff
0xffffffff
0xffffffff
0xffffffff
0xffffffff
0xffffffff
0xffffffff
0xffffffff
0xffffffff
0xffffffff
0xffffffff
0xffffffff
0xffffffff
0xffffffff
0xffffffff
0xffffffff
0xffffffff
0xffffffff
0xffffffff
0xffffffff
0xffffffff
0xffffffff
0xffffffff
0xffffffff
0xffffffff
0xffffffff
0xffffffff
0xffffffff
0xffffffff
0xffffffff
0xffffffff
0xffffffff
0xffffffff
0xffffffff
0xffffffff
0xffffffff
0xffffffff
0xffffffff
0xffffffff
0xffffffff
0xffffffff
0xffffffff
0xffffffff
0xffffffff
0xffffffff
0xffffffff
0xffffffff
0xffffffff
0xffffffff
0xffffffff
0xffffffff
0xffffffff
0xffffffff
0xffffffff
0xffffffff
0xffffffff
0xffffffff
0xffffffff
0xffffffff
0xffffffff
0xffffffff
0xffffffff
0xffffffff
0xffffffff
0xffffffff
0xffffffff
0xffffffff
0xffffffff
0xffffffff
0xffffffff
0xffffffff
0xffffffff
0xffffffff
0xffffffff
0xffffffff
0xffffffff
0xffffffff
0xffffffff
0xffffffff
0xffffffff
0xffffffff
0xffffffff
0xffffffff
0xffffffff
0xffffffff
0xffffffff
0xffffffff
0xffffffff
0xffffffff
0xffffffff
0xffffffff
0xffffffff
0xffffffff
0xffffffff
0xffffffff
0xffffffff
0xffffffff
0xffffffff
0xffffffff
0xffffffff
0xffffffff
0xffffffff
0xffffffff
0xffffffff
0xffffffff
0xffffffff
0xffffffff
0xffffffff
0xffffffff
0xffffffff
0xffffffff
0xffffffff
